id,user_id,created_at,closed_at,city_of_booking,start_date,end_date,cnt_of_person,min_price,max_price,booking_id,rules,meals,pets,parking,accessibility,facilities,search_settings,room_size,kids,pool_n_beach,sport,transfer,business,rating,score,other,search_mode,ai_chat_id
100000,1054,2026-01-27 21:58:00,,Krakow,2026-02-14,2026-02-19,2,0,765,,,Breakfast,,parking,,Soundproof room,Hide liked offers,19,,,,,,1,1,,ai,5437
100001,1060,2026-05-07 20:44:00,2026-05-07 21:07:00,Prague,2026-05-24,2026-05-31,1,100,315,75197,"Early check-in, Late check-out","All meals, All inclusive, Dinner",,parking,"Accessible public areas, Step-free access",Luggage storage,,0,,"Heated pool, Rooftop pool",,Shuttle service,,2,1,,manual,
100002,1447,2026-05-19 22:35:00,2026-05-19 22:37:00,Krakow,2026-06-14,2026-06-21,4,150,849,98737,,Breakfast,,parking,,Soundproof room,Hide liked offers,78,,,,,,1,2,,ai,7047
100003,1276,2026-03-28 22:34:00,2026-03-28 22:35:00,Warsaw,2026-04-06,2026-04-11,4,1944,2000,,,,,,,,,0,,Any pool,"Gym,Spa",,,5,9,,ai,5164
100004,1014,2026-01-02 00:51:00,,Paris,2026-01-06,2026-01-11,3,150,608,,,Breakfast,"Cats allowed, All pets allowed",parking,,,,0,Safe balcony,,Sauna,Shuttle service,Coworking lounge,1,3,English-speaking staff,manual,
100005,1033,2026-03-27 16:00:00,2026-03-27 16:03:00,Warsaw,2026-04-02,2026-04-03,4,1922,2000,79785,,,,,,,,97,,Any pool,"Gym,Spa",Shuttle service,,5,9,,ai,5225
100006,1138,2026-01-27 18:08:00,,Berlin,2026-02-20,2026-02-25,2,50,536,,"Early check-in, Free cancellation",,"Pet-welcome bonus, Allows 3+ pets",parking,Accessible public areas,"24/7 kitchen access, Kitchen",Hide liked offers,0,,"Heated pool, Any pool","Spa, Sauna",Shuttle service,,1,1,,manual,
100007,1008,2026-04-10 09:54:00,2026-04-10 10:14:00,Paris,2026-04-26,2026-05-01,3,50,285,86809,,"All meals, Dinner","Toys for pets, Unattended pets allowed, No pet deposit",parking,"Accessible parking on-site, Accessible bathroom",On-site restaurant,,14,,"Rooftop pool, Outdoor pool, Heated pool",,Shuttle service,Coworking lounge,1,4,"Boutique hotel, English-speaking staff",manual,
100008,1044,2026-04-20 02:05:00,,Krakow,2026-04-24,2026-04-29,2,50,811,,,Breakfast,,parking,,Soundproof room,,33,,,Sauna,,,2,1,,ai,6046
100009,1379,2026-02-24 11:29:00,2026-02-24 11:33:00,Gdansk,2026-03-02,2026-03-05,2,0,274,90578,,,,,,Beachfront,,80,"Family-friendly,Playground or Playroom",,,,,1,5,,ai,5412
100010,1188,2026-04-24 08:12:00,2026-04-24 08:18:00,Prague,2026-05-21,2026-05-28,4,150,678,90913,"Free cancellation, Early check-in, Late check-out",,,parking,,"Tour/ticket assistance, Smoke-free property, Hair salon",,38,,"Outdoor pool, Heated pool, Rooftop pool",,,,4,9,,manual,
100011,1196,2026-04-08 12:22:00,2026-04-08 12:24:00,Gdansk,2026-04-12,2026-04-16,4,150,323,,,,,,,Beachfront,,50,"Family-friendly,Playground or Playroom",,,,,1,10,,ai,7353
100012,1218,2026-04-13 14:53:00,2026-04-13 14:58:00,Warsaw,2026-05-01,2026-05-04,2,50,335,,,,,parking,"Wheelchair-accessible elevator, Door width ≥ 80 cm",,"Hide liked offers, Hide disliked rooms, Hide no reacted offers",0,Entertainment for kids,Outdoor pool,"Sauna, Spa, Gym",,Coworking lounge,3,1,"Design hotel, Dutch-speaking staff",manual,
100013,1108,2026-01-24 20:27:00,,Krakow,2026-02-07,2026-02-13,3,150,704,,,Breakfast,,parking,,Soundproof room,,75,,,,,,4,8,,ai,7729
100014,1224,2026-01-31 03:54:00,2026-01-31 03:58:00,Wroclaw,2026-02-23,2026-02-28,4,84,150,,Early check-in,All meals,,,,Kitchen,,24,,,,,,1,4,,ai,5170
100015,1130,2026-03-07 15:08:00,2026-03-07 15:10:00,Warsaw,2026-03-13,2026-03-14,4,150,514,82088,,,All pets allowed,,,"Wi-fi,Work desk,King/Queen-size 150+cm width",,0,,,,,,4,8,,ai,6242
100016,1258,2026-05-14 08:34:00,2026-05-14 08:37:00,Wroclaw,2026-06-09,2026-06-10,5,57,150,78176,,,Muzzle not required,,,Kitchen,,33,,,,,,2,9,,ai,7825
100017,1300,2026-03-27 09:24:00,2026-03-27 09:31:00,Warsaw,2026-04-22,2026-04-23,3,50,598,,Late check-out,Lunch,No pet deposit,parking,,,Hide disliked rooms,25,,"Heated pool, Rooftop pool","Gym, Spa, Sauna",Shuttle service,,5,1,"Boutique hotel, Design hotel, English-speaking staff",manual,
100018,1128,2026-03-13 10:49:00,,Krakow,2026-03-24,2026-03-30,3,50,762,,Early check-in,Breakfast,,parking,,Soundproof room,,0,,,,,,1,1,,ai,5544
100019,1009,2026-01-26 05:28:00,2026-01-26 05:32:00,Krakow,2026-01-30,2026-02-04,2,100,459,97542,,Breakfast,,parking,,Soundproof room,,0,,,,,,2,5,,ai,6955
100020,1224,2026-04-29 08:48:00,,Krakow,2026-05-28,2026-06-02,3,0,248,,,Breakfast,,parking,,Soundproof room,,80,,,,,,2,3,,ai,5564
100021,1075,2026-01-04 03:44:00,,Warsaw,2026-01-09,2026-01-13,2,100,633,,,,All pets allowed,,,"Wi-fi,Work desk,King/Queen-size 150+cm width",,47,,,Sauna,,,4,8,,ai,7350
100022,1473,2026-03-19 03:24:00,,Wroclaw,2026-04-14,2026-04-19,3,88,150,,,,,,,Kitchen,,89,Babysitting,,,,,3,6,Historical building,ai,5984
100023,1073,2026-05-08 06:32:00,2026-05-08 06:36:00,Wroclaw,2026-05-10,2026-05-16,4,55,150,96566,,,,,,Kitchen,,60,,,,,,5,2,,ai,6004
100024,1300,2026-03-28 23:58:00,2026-03-29 00:00:00,Wroclaw,2026-04-16,2026-04-23,4,91,150,88171,,,,parking,,Kitchen,,67,,,,,,4,1,,ai,6181
100025,1412,2026-05-01 14:31:00,2026-05-01 14:34:00,Warsaw,2026-05-23,2026-05-28,2,50,757,,,,All pets allowed,,,"Wi-fi,Work desk,King/Queen-size 150+cm width",,26,,,,,,1,2,,ai,6418
100026,1039,2026-02-10 10:51:00,2026-02-10 10:55:00,Krakow,2026-02-21,2026-02-24,2,150,638,80978,,Breakfast,,parking,,Soundproof room,,37,,,,Shuttle service,,2,10,,ai,6263
100027,1092,2026-01-20 19:56:00,2026-01-20 20:17:00,Wroclaw,2026-02-04,2026-02-09,4,100,751,,,"Dinner, All meals",Additional pet services,,"Spacious room layout, Accessible room",,,73,"Entertainment for kids, Family-friendly, Playground or Playroom",Rooftop pool,"Spa, Sauna",,Coworking lounge,4,2,English-speaking staff,manual,
100028,1015,2026-03-06 13:14:00,2026-03-06 13:32:00,Wroclaw,2026-03-17,2026-03-18,4,50,578,80242,"Free cancellation, Early check-in","All meals, All inclusive",,,,,,33,"Playground or Playroom, Safe balcony",Rooftop pool,,Shuttle service,,1,1,English-speaking staff,manual,
100029,1307,2026-02-26 11:28:00,2026-02-26 11:29:00,Gdansk,2026-03-27,2026-03-31,3,50,623,,,,Allows 3+ pets,,,Beachfront,,39,"Family-friendly,Playground or Playroom",,,,,2,1,,ai,8901
100030,1445,2026-03-07 03:33:00,2026-03-07 03:34:00,Wroclaw,2026-03-20,2026-03-23,4,72,150,91226,,,,,,Kitchen,,89,,,,,,1,1,,ai,6349
100031,1340,2026-04-28 00:02:00,2026-04-28 00:07:00,Warsaw,2026-05-10,2026-05-17,2,150,400,,,,All pets allowed,,,"Wi-fi,Work desk,King/Queen-size 150+cm width",,0,,,,Shuttle service,,2,9,,ai,7452
100032,1491,2026-02-15 22:53:00,2026-02-15 23:06:00,Berlin,2026-03-14,2026-03-21,3,50,434,,Late check-out,"Dinner, All meals","Up to 20kg pet allowed, Allows 3 pets, Muzzle not required",parking,Hard flooring,"Contactless check-in/out, Express check-in/check-out, Bedside reading lights",,22,"Kids-friendly bathroom, TV for kids","Any pool, Outdoor pool, Indoor pool",,,Coworking lounge,5,1,"Boutique hotel, English-speaking staff, Multilingual staff",manual,
100033,1149,2026-05-13 20:56:00,2026-05-13 21:04:00,Warsaw,2026-06-06,2026-06-08,1,100,555,,"Early check-in, Late check-out",All meals,Up to 20kg pet allowed,parking,,,,87,"TV for kids, Babysitting, Entertainment for kids","Any pool, Indoor pool, Outdoor pool",,Shuttle service,Coworking lounge,1,8,"Multilingual staff, Design hotel, Historical building",manual,
100034,1248,2026-02-14 16:07:00,2026-02-14 16:12:00,Warsaw,2026-03-06,2026-03-10,3,0,787,87921,,,All pets allowed,,,"Wi-fi,Work desk,King/Queen-size 150+cm width",,70,,,,,,2,8,,ai,5745
100035,1047,2026-01-02 21:42:00,2026-01-02 21:46:00,Warsaw,2026-01-17,2026-01-19,3,1912,2000,82681,,,Pets welcome in the restaurant,,,Bedside reading lights,,85,,Any pool,"Gym,Spa",,,5,9,,ai,6849
100036,1160,2026-02-24 01:59:00,2026-02-24 02:05:00,Krakow,2026-03-18,2026-03-23,1,150,477,,,,"Cats allowed, Pet fee less than €20 per night",,Accessible bathroom,,Hide no reacted offers,39,Family-friendly,Outdoor pool,,,,4,9,"Multilingual staff, Dutch-speaking staff",manual,
100037,1027,2026-05-15 21:01:00,2026-05-15 21:04:00,Krakow,2026-05-21,2026-05-23,1,0,644,,,Breakfast,,parking,,Soundproof room,,93,,,,,,4,1,,ai,8036
100038,1400,2026-05-05 05:01:00,2026-05-05 05:02:00,Gdansk,2026-05-19,2026-05-25,2,100,409,87145,Free cancellation,,,,Hard flooring,Beachfront,,0,"Family-friendly,Playground or Playroom",,,,,1,6,,ai,8582
100039,1455,2026-03-14 04:12:00,,Krakow,2026-04-08,2026-04-14,1,50,278,,,Breakfast,,parking,,Soundproof room,,0,,,,,,1,3,,ai,7708
100040,1379,2026-04-23 10:19:00,2026-04-23 10:24:00,Krakow,2026-05-15,2026-05-17,4,150,759,89682,,Breakfast,,parking,,Soundproof room,,17,,,,Shuttle service,,5,1,,ai,8900
100041,1466,2026-02-11 23:43:00,2026-02-11 23:45:00,Wroclaw,2026-02-23,2026-03-01,3,71,150,75039,,,,,,Kitchen,,31,,,,,,5,4,,ai,8141
100042,1444,2026-02-11 04:52:00,,Paris,2026-02-16,2026-02-20,2,50,308,,,"Dinner, Lunch, All meals",,parking,Step-free access,"Single (twin) bed 80-130cm width, Water park access, Real double bed (not 2 twins pushed together)","Hide liked offers, Hide no reacted offers, Hide disliked rooms",0,,,Sauna,Shuttle service,Coworking lounge,5,1,"Design hotel, Historical building, Dutch-speaking staff",manual,
100043,1274,2026-02-22 01:54:00,2026-02-22 01:56:00,Warsaw,2026-03-07,2026-03-11,4,50,802,80952,,,All pets allowed,,,"Wi-fi,Work desk,King/Queen-size 150+cm width",,0,,,,,,5,5,,ai,5252
100044,1376,2026-02-04 20:28:00,2026-02-04 20:38:00,Berlin,2026-02-16,2026-02-17,2,150,744,,Late check-out,All meals,"Pet walking area nearby, Allows 2 pets, Toys for pets",parking,"Accessible property, Door width ≥ 80 cm, Accessible bathroom",Self check-in,,42,,,Gym,,Coworking lounge,2,1,"English-speaking staff, Dutch-speaking staff, Multilingual staff",manual,
100045,1424,2026-04-06 02:40:00,2026-04-06 02:41:00,Warsaw,2026-04-13,2026-04-20,2,1910,2000,96149,,,,,,,Hide disliked rooms,75,,Any pool,"Gym,Spa",,,5,9,Boutique hotel,ai,6521
100046,1134,2026-02-18 03:24:00,,Berlin,2026-03-10,2026-03-15,2,0,674,,,,,parking,,VIP room amenities,Hide no reacted offers,88,"Child-friendly menu, Safe balcony, Entertainment for kids","Heated pool, Any pool, Rooftop pool",,Shuttle service,Coworking lounge,1,2,Boutique hotel,manual,
100047,1435,2026-01-12 01:05:00,2026-01-12 01:09:00,Warsaw,2026-01-29,2026-02-01,3,100,771,79973,,,All pets allowed,parking,,"Wi-fi,Work desk,King/Queen-size 150+cm width",,19,,,,Shuttle service,Coworking lounge,3,7,,ai,8694
100048,1462,2026-01-22 04:39:00,2026-01-22 04:43:00,Warsaw,2026-02-09,2026-02-12,4,1927,2000,95428,Free cancellation,,Muzzle not required,,,24/7 kitchen access,,65,,Any pool,"Gym,Spa",,,5,9,,ai,5411
100049,1253,2026-02-25 18:54:00,2026-02-25 19:02:00,Prague,2026-03-20,2026-03-21,3,150,877,,,Lunch,,,Accessible bathroom,,,0,"Playground or Playroom, Family-friendly, Kids-friendly bathroom","Outdoor pool, Indoor pool",Spa,,Coworking lounge,1,1,"English-speaking staff, Boutique hotel, Historical building",manual,
100050,1291,2026-04-23 08:55:00,,Paris,2026-04-28,2026-04-29,2,50,727,,,All inclusive,,parking,Hard flooring,Ski access & services,Hide liked offers,45,"Kids-friendly bathroom, Playground or Playroom, Safe balcony",,,,Coworking lounge,2,10,"Dutch-speaking staff, Boutique hotel, Historical building",manual,
100051,1271,2026-05-10 21:55:00,2026-05-10 22:20:00,Gdansk,2026-05-16,2026-05-23,3,150,925,78978,"Free cancellation, Early check-in, Late check-out",,"Up to 15kg pet allowed, Pet walking area nearby, Toys for pets",,,"Tour/ticket assistance, EV charging, Laundry facilities/services",,32,"Safe balcony, TV for kids","Heated pool, Indoor pool","Spa, Gym",,Coworking lounge,1,4,,manual,
100052,1349,2026-05-21 10:01:00,2026-05-21 10:02:00,Krakow,2026-06-10,2026-06-17,3,50,657,,,Breakfast,,parking,,Soundproof room,,97,,,,,,1,5,Multilingual staff,ai,8025
100053,1309,2026-04-02 03:52:00,2026-04-02 03:57:00,Krakow,2026-04-19,2026-04-25,1,50,339,,,Breakfast,,parking,,Soundproof room,,31,,,,,,1,1,,ai,6348
100054,1013,2026-03-15 00:13:00,2026-03-15 00:15:00,Warsaw,2026-03-26,2026-03-31,4,1929,2000,,,,,parking,,,,98,,Any pool,"Gym,Spa",,,5,9,,ai,8437
100055,1118,2026-04-22 04:21:00,2026-04-22 04:24:00,Krakow,2026-05-01,2026-05-06,4,100,478,95092,,Breakfast,Cats allowed,parking,,Soundproof room,,41,,Outdoor pool,,,,2,10,,ai,5008
100056,1146,2026-02-28 04:25:00,2026-02-28 04:29:00,Warsaw,2026-03-06,2026-03-12,1,1924,2000,92148,,,Dogs allowed,,,,,0,,Any pool,"Gym,Spa",,,5,9,,ai,7230
100057,1060,2026-05-17 12:47:00,2026-05-17 12:51:00,Wroclaw,2026-05-24,2026-05-25,5,55,150,,,,,,,Kitchen,,0,,,,,,1,4,,ai,7887
100058,1279,2026-01-29 18:10:00,,Warsaw,2026-02-09,2026-02-16,4,1943,2000,,,,,,,,,0,,Any pool,"Gym,Spa",,,5,9,,ai,8882
100059,1440,2026-01-22 12:25:00,,Gdansk,2026-01-28,2026-02-02,3,100,681,,,,,,,Beachfront,,32,"Family-friendly,Playground or Playroom",,,,,2,1,Design hotel,ai,6792
100060,1137,2026-01-21 03:40:00,2026-01-21 03:42:00,Wroclaw,2026-02-06,2026-02-09,5,89,150,,,,Towels for pets,,,Kitchen,,0,,,,Shuttle service,,1,10,,ai,8858
100061,1370,2026-05-06 06:12:00,2026-05-06 06:13:00,Warsaw,2026-06-04,2026-06-06,4,0,389,,,,All pets allowed,,,"Wi-fi,Work desk,King/Queen-size 150+cm width",,69,,,,,,1,1,,ai,7030
100062,1192,2026-04-05 10:35:00,2026-04-05 10:37:00,Wroclaw,2026-04-18,2026-04-21,3,71,150,,,,,,,Kitchen,,0,,,,,,4,3,,ai,7587
100063,1371,2026-04-11 00:35:00,,Krakow,2026-05-06,2026-05-11,4,150,578,,,Breakfast,,parking,,Soundproof room,,25,,,,,,1,2,,ai,8001
100064,1041,2026-04-22 01:56:00,,Warsaw,2026-04-25,2026-04-30,2,50,711,,,,All pets allowed,,,"Wi-fi,Work desk,King/Queen-size 150+cm width",,58,,,Spa,,,1,1,Multilingual staff,ai,5215
100065,1151,2026-03-05 23:10:00,,Krakow,2026-03-29,2026-04-01,2,0,418,,"Late check-out, Early check-in","Lunch, Dinner, Breakfast","Additional pet services, Unattended pets allowed, Up to 20kg pet allowed",,"Accessible property, Hard flooring",,"Hide disliked rooms, Hide no reacted offers, Hide liked offers",0,"Babysitting, Safe balcony",,"Spa, Sauna, Gym",Shuttle service,Coworking lounge,1,6,,manual,
100066,1447,2026-02-01 18:37:00,2026-02-01 18:38:00,Krakow,2026-02-03,2026-02-07,3,0,628,,,Breakfast,,parking,,Soundproof room,,17,,,,,,2,7,,ai,7275
100067,1492,2026-03-12 08:57:00,2026-03-12 08:59:00,Gdansk,2026-03-20,2026-03-22,3,0,720,83241,,,Allows 2 pets,,,Beachfront,,86,"Family-friendly,Playground or Playroom",,,,,2,2,,ai,6603
100068,1003,2026-05-15 09:17:00,2026-05-15 09:20:00,Krakow,2026-06-01,2026-06-06,1,0,320,,,Breakfast,,parking,Accessible room,Soundproof room,,43,TV for kids,,,,,1,6,,ai,8975
100069,1067,2026-01-03 21:05:00,,Gdansk,2026-01-28,2026-02-02,3,0,701,,Late check-out,,"Pets allowed in public areas, 20+ kg pet allowed, Toys for pets",parking,"Step-free access, Accessible property, Spacious room layout","Mountain view, Water sports facilities, Heating",,0,"Babysitting, Kids-friendly bathroom, Safe balcony","Heated pool, Outdoor pool","Sauna, Gym, Spa",,,1,1,"Multilingual staff, Historical building",manual,
100070,1099,2026-04-06 21:44:00,2026-04-06 21:50:00,Prague,2026-04-25,2026-05-02,2,50,418,92672,,,"Unattended pets allowed, Pet fee less than €20 per night, Allows 3+ pets",parking,"Wheelchair-accessible elevator, Step-free access",Bike rental/services,"Hide no reacted offers, Hide liked offers, Hide disliked rooms",34,,Outdoor pool,Spa,Shuttle service,Coworking lounge,2,1,,manual,
100071,1346,2026-02-17 20:16:00,2026-02-17 20:21:00,Warsaw,2026-03-11,2026-03-12,3,50,585,79971,,,All pets allowed,,,"Wi-fi,Work desk,King/Queen-size 150+cm width",,36,,,,,,4,10,,ai,8284
100072,1161,2026-04-13 05:26:00,,Paris,2026-04-24,2026-04-30,2,50,623,,"Free cancellation, Early check-in, Late check-out","Lunch, All inclusive, All meals",No pet deposit,parking,,Fishing,,88,Babysitting,,"Gym, Sauna, Spa",Shuttle service,Coworking lounge,5,4,English-speaking staff,manual,
100073,1136,2026-02-20 18:58:00,2026-02-20 19:08:00,Warsaw,2026-03-04,2026-03-08,2,0,239,99392,"Late check-out, Early check-in, Free cancellation","All meals, All inclusive, Lunch",Muzzle not required,,"Accessible room, Accessible parking on-site","Yoga area, On-site medical assistance",,92,,"Heated pool, Rooftop pool",,Shuttle service,,3,2,,manual,
100074,1228,2026-01-16 11:17:00,2026-01-16 11:20:00,Wroclaw,2026-02-07,2026-02-11,3,85,150,,,,,,,Kitchen,,91,Babysitting,,,,,1,1,,ai,6296
100075,1382,2026-05-04 07:10:00,,Wroclaw,2026-05-13,2026-05-19,1,50,811,,Free cancellation,,Up to 10kg pet allowed,parking,"Accessible public areas, Door width ≥ 80 cm",,"Hide liked offers, Hide disliked rooms",31,"Babysitting, Entertainment for kids, Playground or Playroom",Indoor pool,,Shuttle service,,4,1,,manual,
100076,1431,2026-03-25 13:00:00,2026-03-25 13:02:00,Wroclaw,2026-03-27,2026-04-03,3,74,150,,,,,,,Kitchen,,0,,,,,,1,7,,ai,7064
100077,1025,2026-01-25 11:59:00,2026-01-25 12:11:00,Prague,2026-02-10,2026-02-16,3,0,397,,,,Pet fee less than €20 per night,,"Accessible bed height, Wheelchair-accessible elevator","Pillow menu, Bathroom with buthtub",,91,,,Sauna,Shuttle service,Coworking lounge,4,3,"Multilingual staff, Design hotel, Dutch-speaking staff",manual,
100078,1028,2026-04-24 09:37:00,2026-04-24 09:40:00,Gdansk,2026-05-20,2026-05-25,2,150,658,81249,,Breakfast,,,,Beachfront,,35,"Family-friendly,Playground or Playroom",,,,,1,7,,ai,7947
100079,1048,2026-05-12 16:17:00,2026-05-12 16:18:00,Gdansk,2026-06-03,2026-06-08,4,50,498,81097,,,,,,Beachfront,,53,"Family-friendly,Playground or Playroom",,,Shuttle service,,1,10,,ai,5402
100080,1189,2026-04-23 21:00:00,2026-04-23 21:02:00,Krakow,2026-05-11,2026-05-15,3,50,416,86717,,Breakfast,,parking,,Soundproof room,,0,,,,,,5,3,,ai,8475
100081,1160,2026-05-06 12:14:00,2026-05-06 12:18:00,Wroclaw,2026-05-31,2026-06-02,3,85,150,,,,,,,Kitchen,,58,,Outdoor pool,,,Coworking lounge,2,3,,ai,8223
100082,1152,2026-02-02 01:39:00,,Krakow,2026-03-04,2026-03-11,2,0,371,,"Free cancellation, Early check-in, Late check-out",,All pets allowed,parking,"Door width ≥ 80 cm, Wheelchair-accessible elevator","24-hour security, Private bathroom, Elevator/lift access",Hide no reacted offers,88,Child-friendly menu,"Heated pool, Outdoor pool, Indoor pool","Sauna, Spa",Shuttle service,,5,1,"Multilingual staff, Dutch-speaking staff",manual,
100083,1305,2026-03-29 19:20:00,,Warsaw,2026-04-20,2026-04-21,3,0,442,,"Late check-out, Early check-in, Free cancellation",All meals,,parking,"Accessible room, Hard flooring","Crib/Cot available, Children’s pool, Kitchen",Hide liked offers,0,"Babysitting, Entertainment for kids, Safe balcony",,"Gym, Spa",,Coworking lounge,3,10,,manual,
100084,1391,2026-02-13 02:32:00,,Warsaw,2026-03-13,2026-03-16,2,100,655,,,,All pets allowed,parking,,"Wi-fi,Work desk,King/Queen-size 150+cm width",,15,,Rooftop pool,,,,1,1,,ai,7558
100085,1050,2026-03-04 08:54:00,,Gdansk,2026-03-23,2026-03-26,2,150,453,,"Late check-out, Free cancellation","Lunch, All inclusive, Breakfast",Towels for pets,parking,Accessible room,,"Hide liked offers, Hide disliked rooms, Hide no reacted offers",45,"Child-friendly menu, Safe balcony",,,Shuttle service,,1,7,,manual,
100086,1000,2026-05-15 09:51:00,2026-05-15 09:56:00,Wroclaw,2026-06-02,2026-06-07,3,67,150,,,,,,Spacious room layout,Kitchen,,58,Family-friendly,,Gym,,,4,1,Multilingual staff,ai,7698
100087,1175,2026-04-22 08:15:00,2026-04-22 08:17:00,Gdansk,2026-05-04,2026-05-11,4,50,230,,,,,,,Beachfront,,0,"Family-friendly,Playground or Playroom",,,,,4,1,,ai,8913
100088,1341,2026-03-16 12:12:00,2026-03-16 12:28:00,Prague,2026-04-11,2026-04-14,3,100,893,,"Free cancellation, Late check-out",,"Unattended pets allowed, Pets allowed in public areas",,,,,0,,,Sauna,,Coworking lounge,3,7,"Multilingual staff, Boutique hotel, Dutch-speaking staff",manual,
100089,1187,2026-03-15 19:17:00,2026-03-15 19:18:00,Gdansk,2026-04-13,2026-04-20,1,100,303,89399,,Dinner,,,Accessible parking on-site,Beachfront,,0,"Family-friendly,Playground or Playroom",,Spa,Shuttle service,,3,6,,ai,7040
100090,1119,2026-03-09 22:02:00,2026-03-09 22:04:00,Wroclaw,2026-04-04,2026-04-06,4,52,150,,,,,,,Kitchen,,74,,,,,Coworking lounge,4,5,,ai,6702
100091,1123,2026-04-28 17:36:00,2026-04-28 17:40:00,Gdansk,2026-05-16,2026-05-22,4,0,248,94268,,,,,,Beachfront,,0,"Family-friendly,Playground or Playroom",,,,,1,5,,ai,6643
100092,1443,2026-04-28 20:50:00,2026-04-28 20:51:00,Wroclaw,2026-05-27,2026-06-02,4,51,150,93712,,,,,,Kitchen,,0,,,,,,1,2,Design hotel,ai,6566
100093,1303,2026-02-28 03:24:00,2026-02-28 03:29:00,Gdansk,2026-03-26,2026-04-01,2,100,714,,"Free cancellation, Late check-out, Early check-in",,"Pet walking area nearby, All pets allowed, In-room pet station",parking,,Bars and lounges (including poolside bar),,29,,Rooftop pool,,,,2,7,,manual,
100094,1440,2026-04-17 18:34:00,,Warsaw,2026-04-25,2026-05-02,3,1942,2000,,,,,,,,,0,,Any pool,"Gym,Spa",,,5,9,,ai,6741
100095,1392,2026-04-27 06:56:00,2026-04-27 06:59:00,Wroclaw,2026-05-15,2026-05-22,4,73,150,,,,,,,Kitchen,,91,,,,,,2,1,,ai,8988
100096,1174,2026-04-11 15:21:00,,Warsaw,2026-04-17,2026-04-24,1,150,535,,,,All pets allowed,,,"Wi-fi,Work desk,King/Queen-size 150+cm width",,35,,,,,,1,4,,ai,8392
100097,1046,2026-03-01 11:18:00,,Warsaw,2026-03-22,2026-03-27,3,1946,2000,,,,,,Door width ≥ 80 cm,,,0,,Any pool,"Gym,Spa",,,5,9,,ai,5232
100098,1345,2026-04-22 04:13:00,2026-04-22 04:17:00,Gdansk,2026-05-12,2026-05-18,4,50,475,,,,Pet fee less than €20 per night,,,Beachfront,,23,"Family-friendly,Playground or Playroom",Rooftop pool,,,,1,1,,ai,5034
100099,1016,2026-01-25 23:23:00,2026-01-25 23:26:00,Krakow,2026-02-01,2026-02-05,2,100,643,91099,,Breakfast,,parking,,Soundproof room,,39,,,,Shuttle service,,1,9,,ai,7473
100100,1431,2026-02-11 04:02:00,2026-02-11 04:16:00,Wroclaw,2026-02-14,2026-02-21,3,50,434,,Late check-out,Lunch,Up to 20kg pet allowed,parking,"Accessible bed height, Step-free access, Hard flooring",Yoga area,"Hide disliked rooms, Hide no reacted offers, Hide liked offers",91,"Babysitting, Playground or Playroom, Child-friendly menu","Heated pool, Any pool, Outdoor pool","Gym, Spa",,Coworking lounge,2,9,Historical building,manual,
100101,1321,2026-04-22 04:04:00,2026-04-22 04:09:00,Gdansk,2026-04-29,2026-05-06,1,50,388,,,,,,,Beachfront,,0,"Family-friendly,Playground or Playroom",,,,,1,6,,ai,8842
100102,1167,2026-01-05 11:18:00,,Warsaw,2026-01-11,2026-01-16,4,100,382,,,"Lunch, All inclusive","No pet vaccination required, In-room pet station",parking,"Accessible public areas, Accessible parking on-site",,,0,"Child-friendly menu, Kids-friendly bathroom",Any pool,"Spa, Gym, Sauna",,Coworking lounge,2,3,Boutique hotel,manual,
100103,1183,2026-04-19 16:00:00,,Krakow,2026-04-25,2026-05-01,2,150,419,,,Breakfast,,parking,,Soundproof room,,0,,,,,,3,5,,ai,8344
100104,1285,2026-01-10 18:40:00,2026-01-10 18:44:00,Warsaw,2026-01-28,2026-02-03,2,1933,2000,,,,20+ kg pet allowed,,,,Hide liked offers,0,,Any pool,"Gym,Spa",,,5,9,Boutique hotel,ai,6737
100105,1469,2026-01-05 02:19:00,,Krakow,2026-01-25,2026-01-27,1,0,457,,"Free cancellation, Early check-in",,"Unattended pets allowed, Cats allowed, Pet-welcome bonus",parking,,,"Hide no reacted offers, Hide disliked rooms, Hide liked offers",31,"Safe balcony, Playground or Playroom, Entertainment for kids","Outdoor pool, Indoor pool","Spa, Gym",,,1,1,,manual,
100106,1164,2026-04-30 00:24:00,,Warsaw,2026-05-25,2026-05-31,4,1911,2000,,,,,,,,,37,,Any pool,"Gym,Spa",,,5,9,,ai,7459
100107,1128,2026-04-13 05:52:00,2026-04-13 05:59:00,Paris,2026-04-26,2026-04-30,2,100,563,,"Free cancellation, Late check-out",,,parking,,"Mini golf, Room service","Hide disliked rooms, Hide no reacted offers, Hide liked offers",0,,Outdoor pool,,Shuttle service,Coworking lounge,1,1,Design hotel,manual,
100108,1327,2026-03-11 21:40:00,2026-03-11 21:51:00,Warsaw,2026-04-01,2026-04-08,1,100,881,,,"Dinner, All inclusive, All meals",,parking,"Hard flooring, Door width ≥ 80 cm","EV charging, Sea view",,93,,,"Gym, Spa, Sauna",,Coworking lounge,1,2,"Multilingual staff, Dutch-speaking staff, Historical building",manual,
100109,1006,2026-01-04 11:25:00,2026-01-04 11:40:00,Prague,2026-01-11,2026-01-18,4,0,416,91659,,"Lunch, All inclusive, Dinner","Toys for pets, Pet-welcome bonus",parking,Accessible parking on-site,"Casino, Meeting/Conference facilities, Library",,0,,,Gym,Shuttle service,Coworking lounge,2,4,"Multilingual staff, Dutch-speaking staff",manual,
100110,1173,2026-03-04 12:21:00,2026-03-04 12:38:00,Warsaw,2026-03-25,2026-03-30,1,150,912,,,,Dogs allowed,,Spacious room layout,,"Hide disliked rooms, Hide liked offers, Hide no reacted offers",0,"TV for kids, Babysitting, Playground or Playroom",Indoor pool,,Shuttle service,Coworking lounge,3,7,Multilingual staff,manual,
100111,1233,2026-04-06 20:25:00,2026-04-06 20:26:00,Wroclaw,2026-04-29,2026-05-03,3,61,150,94557,,,,,,Kitchen,,64,,,,,,1,2,,ai,5534
100112,1435,2026-03-23 20:37:00,,Warsaw,2026-04-22,2026-04-28,4,1910,2000,,,,,,,,,61,,Any pool,"Gym,Spa",,,5,9,,ai,7947
100113,1413,2026-04-13 19:50:00,2026-04-13 20:10:00,Gdansk,2026-05-11,2026-05-17,2,150,358,93333,"Early check-in, Late check-out","All meals, All inclusive",Pets welcome in the restaurant,,"Hard flooring, Spacious room layout","Laundry facilities/services, Hair salon",,0,,,Sauna,Shuttle service,Coworking lounge,1,7,,manual,
100114,1122,2026-03-11 23:11:00,2026-03-11 23:32:00,Prague,2026-03-20,2026-03-23,4,150,517,,"Early check-in, Free cancellation",,No pet deposit,parking,,Connecting rooms,"Hide disliked rooms, Hide no reacted offers",41,,,,,Coworking lounge,1,1,,manual,
100115,1315,2026-05-04 21:19:00,,Warsaw,2026-05-16,2026-05-23,4,1902,2000,,,Dinner,,,,,,67,,Any pool,"Gym,Spa",,,5,9,,ai,5544
100116,1271,2026-01-21 17:42:00,,Prague,2026-02-11,2026-02-14,3,100,700,,,"Breakfast, All meals, All inclusive",,parking,"Spacious room layout, Accessible bed height",,Hide disliked rooms,37,"Family-friendly, Kids-friendly bathroom","Outdoor pool, Heated pool, Indoor pool",Sauna,Shuttle service,Coworking lounge,1,1,"Design hotel, Historical building, Multilingual staff",manual,
100117,1487,2026-05-02 13:22:00,2026-05-02 13:46:00,Wroclaw,2026-05-17,2026-05-24,4,150,817,82759,"Early check-in, Free cancellation",,Dogs allowed,parking,,,,54,"Safe balcony, Babysitting, Child-friendly menu","Heated pool, Rooftop pool, Any pool",,,Coworking lounge,5,1,,manual,
100118,1045,2026-03-24 22:13:00,2026-03-24 22:14:00,Warsaw,2026-04-10,2026-04-17,3,100,829,97379,,,All pets allowed,,,"Wi-fi,Work desk,King/Queen-size 150+cm width",,46,,,,,,2,1,,ai,6168
100119,1467,2026-02-24 00:37:00,2026-02-24 00:42:00,Krakow,2026-03-02,2026-03-08,4,150,662,,,Breakfast,In-room pet station,parking,,Soundproof room,,0,,,,,Coworking lounge,1,4,English-speaking staff,ai,7827
100120,1127,2026-04-06 14:15:00,2026-04-06 14:25:00,Paris,2026-05-02,2026-05-09,4,150,600,,,Lunch,"Toys for pets, Allows 2 pets",,"Wheelchair-accessible elevator, Door width ≥ 80 cm, Accessible room",Indoor fireplace,Hide disliked rooms,0,"Family-friendly, Child-friendly menu",,"Spa, Gym, Sauna",Shuttle service,Coworking lounge,2,7,"Multilingual staff, English-speaking staff",manual,
100121,1162,2026-04-25 19:51:00,2026-04-25 19:54:00,Gdansk,2026-05-23,2026-05-24,4,100,771,,,,,,,Beachfront,,51,"Family-friendly,Playground or Playroom",Heated pool,,,,1,9,,ai,7567
100122,1033,2026-01-06 07:42:00,,Gdansk,2026-01-27,2026-02-01,1,50,370,,,,,,Wheelchair-accessible elevator,Beachfront,,0,"Family-friendly,Playground or Playroom",,,,,5,10,,ai,6151
100123,1246,2026-04-21 13:09:00,2026-04-21 13:30:00,Berlin,2026-04-25,2026-04-26,1,150,592,,"Free cancellation, Early check-in, Late check-out","All inclusive, Lunch, All meals","All pets allowed, Pets welcome in the restaurant",,,,"Hide liked offers, Hide no reacted offers, Hide disliked rooms",82,"Child-friendly menu, Safe balcony",,"Spa, Gym",Shuttle service,Coworking lounge,1,1,,manual,
100124,1346,2026-01-18 15:19:00,,Prague,2026-02-05,2026-02-09,4,100,386,,Late check-out,"Dinner, All meals, All inclusive",,parking,,"Meeting/Conference facilities, Private beach area, Pillow menu",,64,"Entertainment for kids, TV for kids, Family-friendly",Heated pool,,Shuttle service,Coworking lounge,4,4,,manual,
100125,1054,2026-01-07 12:04:00,,Wroclaw,2026-01-23,2026-01-30,3,150,936,,"Late check-out, Free cancellation",,,parking,"Hard flooring, Spacious room layout",,,11,"Safe balcony, Babysitting",,Spa,Shuttle service,Coworking lounge,5,10,"Design hotel, Boutique hotel",manual,
100126,1029,2026-01-28 03:38:00,,Gdansk,2026-02-19,2026-02-20,2,150,544,,,,,,,Beachfront,Hide liked offers,87,"Family-friendly,Playground or Playroom",,,,Coworking lounge,4,3,,ai,8083
100127,1035,2026-05-05 12:36:00,2026-05-05 12:58:00,Krakow,2026-05-19,2026-05-25,2,100,827,,,,,parking,"Door width ≥ 80 cm, Wheelchair-accessible elevator, Step-free access","Pillow menu, Yoga area, Concierge services",,44,"TV for kids, Kids-friendly bathroom, Safe balcony",,"Sauna, Gym, Spa",Shuttle service,,3,7,,manual,
100128,1138,2026-04-20 05:21:00,,Krakow,2026-05-03,2026-05-07,3,0,666,,Early check-in,Breakfast,,parking,,Soundproof room,,61,,,,,Coworking lounge,5,8,,ai,5548
100129,1056,2026-02-02 05:47:00,,Warsaw,2026-02-08,2026-02-11,1,0,336,,Free cancellation,,All pets allowed,parking,,"Wi-fi,Work desk,King/Queen-size 150+cm width",,51,,,,,,1,9,,ai,8498
100130,1017,2026-03-30 02:39:00,2026-03-30 02:40:00,Krakow,2026-04-25,2026-04-26,1,50,384,,,Breakfast,,parking,,Soundproof room,Hide no reacted offers,89,,,,,,1,1,,ai,8819
100131,1088,2026-01-16 05:17:00,2026-01-16 05:19:00,Warsaw,2026-02-01,2026-02-02,1,1926,2000,88484,Late check-out,,,,,,,0,,Any pool,"Gym,Spa",,,5,9,,ai,7748
100132,1284,2026-04-18 22:16:00,2026-04-18 22:20:00,Krakow,2026-04-28,2026-05-05,4,0,215,95306,,Breakfast,,parking,,Soundproof room,,0,,,,,,2,7,,ai,8714
100133,1471,2026-05-15 13:55:00,2026-05-15 14:02:00,Prague,2026-06-01,2026-06-07,2,100,813,84609,,All inclusive,,,,"Water park access, Garden, Library","Hide disliked rooms, Hide no reacted offers",0,,,"Gym, Spa, Sauna",,Coworking lounge,1,1,"Design hotel, Boutique hotel",manual,
100134,1314,2026-04-15 08:59:00,,Wroclaw,2026-04-30,2026-05-05,5,58,150,,,,,,,Kitchen,,66,,,,,,3,1,,ai,5226
100135,1030,2026-01-25 12:42:00,2026-01-25 12:43:00,Warsaw,2026-02-17,2026-02-23,3,1907,2000,,,,,,,,,0,,Any pool,"Gym,Spa",,,5,9,Multilingual staff,ai,5544
100136,1353,2026-04-13 12:09:00,2026-04-13 12:13:00,Wroclaw,2026-05-13,2026-05-14,4,87,150,86146,,,,,,Kitchen,Hide disliked rooms,16,,,,,,4,3,,ai,8885
100137,1470,2026-03-23 02:57:00,2026-03-23 03:07:00,Gdansk,2026-04-11,2026-04-14,2,100,840,,"Free cancellation, Early check-in",,,,,Picnic area,"Hide liked offers, Hide no reacted offers",53,,"Rooftop pool, Any pool, Indoor pool",Spa,Shuttle service,,1,1,,manual,
100138,1064,2026-03-20 12:27:00,2026-03-20 12:30:00,Krakow,2026-04-19,2026-04-24,3,50,543,91067,,Breakfast,,parking,,Soundproof room,,0,,,,,,2,8,,ai,5654
100139,1286,2026-04-12 02:11:00,2026-04-12 02:15:00,Wroclaw,2026-05-01,2026-05-06,3,91,150,75170,,All inclusive,,parking,,Kitchen,,77,Kids-friendly bathroom,,,,,2,1,,ai,5590
100140,1121,2026-03-19 23:36:00,,Wroclaw,2026-04-04,2026-04-09,4,50,150,,,,,,,Kitchen,,83,,,,,,1,10,,ai,7023
100141,1270,2026-02-26 05:02:00,2026-02-26 05:05:00,Wroclaw,2026-03-16,2026-03-22,5,54,150,,Free cancellation,,,,,Kitchen,,27,,,,Shuttle service,,1,1,Dutch-speaking staff,ai,5267
100142,1326,2026-03-25 20:58:00,2026-03-25 21:08:00,Wroclaw,2026-04-24,2026-04-30,2,100,542,90361,"Early check-in, Free cancellation",,"Up to 20kg pet allowed, Allows 3 pets",parking,"Accessible bed height, Accessible bathroom",Garden,,0,Family-friendly,,Sauna,Shuttle service,Coworking lounge,1,1,,manual,
100143,1338,2026-03-14 14:33:00,2026-03-14 14:35:00,Krakow,2026-04-05,2026-04-10,3,50,522,96341,Free cancellation,Breakfast,,parking,,Soundproof room,Hide disliked rooms,35,,,,,,3,5,,ai,8203
100144,1242,2026-03-22 06:07:00,,Krakow,2026-03-24,2026-03-25,4,50,291,,Free cancellation,"Breakfast, Lunch",,,,"Wake-up service, Work desk, EV charging","Hide disliked rooms, Hide no reacted offers, Hide liked offers",12,,,"Gym, Spa, Sauna",,Coworking lounge,5,2,"Design hotel, Multilingual staff",manual,
100145,1393,2026-05-16 12:20:00,2026-05-16 12:23:00,Krakow,2026-06-11,2026-06-15,2,100,584,79438,,Breakfast,,parking,,Soundproof room,,0,,,,,,2,1,,ai,6209
100146,1467,2026-04-22 18:05:00,2026-04-22 18:14:00,Prague,2026-04-27,2026-04-29,3,0,632,,"Late check-out, Early check-in","All inclusive, Breakfast, Lunch","Cats allowed, No pet vaccination required, Pet fee less than €20 per night",,"Wheelchair-accessible elevator, Door width ≥ 80 cm, Step-free access",Water park access,Hide liked offers,10,Safe balcony,"Any pool, Rooftop pool",,Shuttle service,,1,1,,manual,
100147,1195,2026-03-16 17:37:00,2026-03-16 17:48:00,Berlin,2026-04-14,2026-04-15,4,100,634,,,"Dinner, Lunch","Pet walking area nearby, Allows 3+ pets",parking,"Accessible property, Spacious room layout",,"Hide no reacted offers, Hide liked offers, Hide disliked rooms",33,TV for kids,Any pool,"Sauna, Spa",Shuttle service,,3,1,,manual,
100148,1302,2026-02-01 21:31:00,2026-02-01 21:36:00,Wroclaw,2026-02-18,2026-02-25,3,59,150,,,,,,,Kitchen,,96,Playground or Playroom,,,,,2,1,,ai,7670
100149,1403,2026-03-27 21:57:00,2026-03-27 22:13:00,Paris,2026-04-13,2026-04-15,1,150,502,86759,,,"Up to 10kg pet allowed, Pet fee less than €20 per night, Allows 2 pets",parking,,,,49,"TV for kids, Entertainment for kids, Playground or Playroom",,,Shuttle service,Coworking lounge,1,4,"Design hotel, English-speaking staff, Dutch-speaking staff",manual,
100150,1456,2026-05-21 18:47:00,2026-05-21 18:50:00,Warsaw,2026-05-26,2026-06-02,3,150,464,93722,,,All pets allowed,,,"Wi-fi,Work desk,King/Queen-size 150+cm width",Hide liked offers,50,,,,,,3,9,,ai,5025
100151,1110,2026-01-31 20:29:00,2026-01-31 20:34:00,Gdansk,2026-02-06,2026-02-10,4,150,620,83616,,,,,,Beachfront,,64,"Family-friendly,Playground or Playroom",,,,,1,9,,ai,7883
100152,1307,2026-05-05 00:16:00,2026-05-05 00:18:00,Warsaw,2026-05-09,2026-05-11,3,1942,2000,80834,,,,,,,,81,,Any pool,"Gym,Spa",,,5,9,,ai,7719
100153,1155,2026-04-05 11:13:00,2026-04-05 11:37:00,Paris,2026-04-21,2026-04-24,2,150,528,,"Free cancellation, Late check-out","Breakfast, All meals, Lunch",,parking,"Accessible public areas, Accessible bed height, Hard flooring",,,63,Family-friendly,"Any pool, Outdoor pool, Heated pool",Gym,Shuttle service,Coworking lounge,2,2,"Dutch-speaking staff, Multilingual staff, English-speaking staff",manual,
100154,1061,2026-04-03 06:12:00,2026-04-03 06:14:00,Gdansk,2026-04-09,2026-04-12,2,0,181,,,,,parking,Spacious room layout,Beachfront,,0,"Family-friendly,Playground or Playroom",,,,,1,4,,ai,5859
100155,1033,2026-03-23 15:29:00,2026-03-23 15:52:00,Krakow,2026-04-16,2026-04-19,1,0,191,,Late check-out,"All inclusive, Dinner, Lunch",,parking,"Accessible parking on-site, Step-free access, Accessible bathroom","Contactless check-in/out, Connecting rooms, Safe for toddlers and kids","Hide liked offers, Hide no reacted offers",95,"Babysitting, Entertainment for kids, Family-friendly",Any pool,"Gym, Spa",Shuttle service,,4,8,Design hotel,manual,
100156,1272,2026-03-08 00:33:00,2026-03-08 00:46:00,Berlin,2026-04-06,2026-04-11,3,0,374,,"Free cancellation, Early check-in, Late check-out","All inclusive, All meals",,,"Accessible parking on-site, Accessible property, Spacious room layout","Water sports facilities, Porter/Bellboy service, Contactless check-in/out",,71,,"Indoor pool, Rooftop pool","Sauna, Gym, Spa",Shuttle service,Coworking lounge,1,2,Dutch-speaking staff,manual,
100157,1499,2026-03-16 22:01:00,2026-03-16 22:06:00,Berlin,2026-04-11,2026-04-14,2,100,294,,,Lunch,,parking,Step-free access,,,32,"Entertainment for kids, Family-friendly, Child-friendly menu",,,Shuttle service,,1,1,,manual,
100158,1361,2026-03-17 07:36:00,,Wroclaw,2026-04-07,2026-04-08,3,69,150,,,,,,Wheelchair-accessible elevator,Kitchen,,66,,,,,,2,1,,ai,8925
100159,1315,2026-04-26 05:16:00,2026-04-26 05:41:00,Prague,2026-05-16,2026-05-17,4,50,534,,,All meals,Muzzle not required,parking,,,,0,,,"Gym, Spa",Shuttle service,Coworking lounge,3,10,"Multilingual staff, Dutch-speaking staff, English-speaking staff",manual,
100160,1422,2026-04-16 19:17:00,,Wroclaw,2026-04-18,2026-04-23,5,100,150,,,,Toys for pets,,Accessible room,Kitchen,,0,,,Spa,,,1,1,,ai,6261
100161,1090,2026-01-23 13:08:00,2026-01-23 13:16:00,Berlin,2026-01-31,2026-02-06,3,0,738,,,"Dinner, Breakfast",,,"Accessible property, Accessible public areas",BBQ facilities,,71,Entertainment for kids,,"Spa, Gym, Sauna",,Coworking lounge,4,1,"Multilingual staff, Historical building",manual,
100162,1161,2026-01-11 10:40:00,2026-01-11 10:42:00,Warsaw,2026-01-18,2026-01-21,4,1915,2000,85034,,,,,,,,85,,Any pool,"Gym,Spa",,,5,9,English-speaking staff,ai,7832
100163,1469,2026-02-14 03:46:00,2026-02-14 03:48:00,Gdansk,2026-03-09,2026-03-13,2,100,584,89602,Free cancellation,,,,,Beachfront,,43,"Family-friendly,Playground or Playroom",,,,,1,1,,ai,6739
100164,1164,2026-04-13 11:11:00,2026-04-13 11:16:00,Warsaw,2026-04-19,2026-04-22,4,100,655,85297,,,All pets allowed,,,"Wi-fi,Work desk,King/Queen-size 150+cm width",,58,,,,,,1,1,Dutch-speaking staff,ai,8760
100165,1195,2026-02-25 06:29:00,2026-02-25 06:34:00,Krakow,2026-03-20,2026-03-22,1,0,747,,,Breakfast,,parking,,Soundproof room,,56,,,,,,1,10,,ai,7843
100166,1459,2026-02-03 02:02:00,2026-02-03 02:03:00,Warsaw,2026-02-13,2026-02-20,4,1948,2000,81872,,,,,,,Hide no reacted offers,90,,Any pool,"Gym,Spa",,,5,9,,ai,5973
100167,1032,2026-03-02 19:26:00,2026-03-02 19:27:00,Warsaw,2026-03-25,2026-03-26,2,0,266,80879,,,All pets allowed,parking,,"Wi-fi,Work desk,King/Queen-size 150+cm width",,0,,,,,,5,2,,ai,7329
100168,1006,2026-03-25 06:47:00,,Krakow,2026-03-29,2026-04-02,2,150,502,,,Breakfast,,parking,,Soundproof room,,57,,,Gym,,,5,1,,ai,6000
100169,1107,2026-05-12 07:27:00,2026-05-12 07:29:00,Wroclaw,2026-05-25,2026-05-27,3,68,150,80362,,,,,,Kitchen,Hide disliked rooms,81,,,,Shuttle service,,2,9,,ai,7979
100170,1314,2026-04-11 08:13:00,,Warsaw,2026-04-18,2026-04-24,1,1920,2000,,,,,,Accessible parking on-site,,,70,,Any pool,"Gym,Spa",,,5,9,,ai,8778
100171,1417,2026-05-20 04:59:00,,Warsaw,2026-05-30,2026-06-01,4,100,818,,,"All meals, All inclusive, Breakfast",Allows 2 pets,,"Door width ≥ 80 cm, Accessible parking on-site, Step-free access","EV charging, Bike rental/services",,46,Playground or Playroom,"Outdoor pool, Rooftop pool, Heated pool","Gym, Sauna, Spa",,Coworking lounge,1,1,,manual,
100172,1023,2026-02-06 16:17:00,2026-02-06 16:35:00,Prague,2026-02-22,2026-02-24,4,100,868,,,,"No pet deposit, Pet-welcome bonus, Allows 3+ pets",,"Hard flooring, Accessible parking on-site",,,27,TV for kids,Rooftop pool,Spa,Shuttle service,,1,1,"Design hotel, English-speaking staff, Boutique hotel",manual,
100173,1202,2026-02-06 16:39:00,2026-02-06 16:59:00,Krakow,2026-02-27,2026-02-28,2,150,529,,Early check-in,,Toys for pets,,,,"Hide liked offers, Hide disliked rooms",71,"Babysitting, TV for kids, Safe balcony",,,,Coworking lounge,1,2,,manual,
100174,1413,2026-03-09 00:13:00,2026-03-09 00:14:00,Warsaw,2026-03-21,2026-03-24,2,1936,2000,88522,,,,,,,,0,Babysitting,Any pool,"Gym,Spa",Shuttle service,,5,9,,ai,5514
100175,1236,2026-02-28 09:18:00,2026-02-28 09:41:00,Prague,2026-03-07,2026-03-08,2,50,397,79101,,"Dinner, Breakfast, All inclusive",,,,,Hide disliked rooms,0,,Any pool,Sauna,Shuttle service,Coworking lounge,5,1,Dutch-speaking staff,manual,
100176,1218,2026-04-06 07:40:00,2026-04-06 07:45:00,Prague,2026-05-01,2026-05-08,1,0,222,,"Free cancellation, Late check-out","All meals, Lunch","Pet walking area nearby, Cats allowed, Up to 10kg pet allowed",,"Door width ≥ 80 cm, Accessible property",,,0,"Playground or Playroom, Safe balcony, TV for kids",Indoor pool,,Shuttle service,Coworking lounge,1,1,"English-speaking staff, Boutique hotel",manual,
100177,1340,2026-05-03 01:37:00,,Prague,2026-05-23,2026-05-29,2,50,553,,Free cancellation,"All inclusive, Lunch, Breakfast",,parking,"Accessible property, Door width ≥ 80 cm",Children’s pool,"Hide no reacted offers, Hide liked offers, Hide disliked rooms",25,,,,,,3,2,Dutch-speaking staff,manual,
100178,1371,2026-01-18 06:29:00,2026-01-18 06:34:00,Krakow,2026-01-20,2026-01-27,4,100,881,,,Breakfast,,parking,,Soundproof room,,64,,,,,,1,2,,ai,8139
100179,1227,2026-04-26 19:31:00,2026-04-26 19:36:00,Warsaw,2026-05-25,2026-05-26,3,0,739,,,,All pets allowed,parking,,"Wi-fi,Work desk,King/Queen-size 150+cm width",,92,,,,Shuttle service,,1,3,,ai,6391
100180,1257,2026-03-18 09:58:00,2026-03-18 10:11:00,Paris,2026-04-12,2026-04-16,3,150,927,,,"Breakfast, Lunch, All inclusive",,parking,"Accessible property, Hard flooring, Spacious room layout",Water sports facilities,,21,Kids-friendly bathroom,Rooftop pool,"Gym, Sauna",,,1,1,,manual,
100181,1033,2026-02-01 01:44:00,2026-02-01 01:47:00,Wroclaw,2026-03-01,2026-03-05,3,65,150,85701,,Dinner,,,,Kitchen,,99,,,,,,1,7,,ai,7428
100182,1360,2026-02-18 15:40:00,,Gdansk,2026-03-05,2026-03-06,4,100,431,,,,,,,Beachfront,,30,"Family-friendly,Playground or Playroom",,,,,3,3,,ai,7877
100183,1332,2026-01-21 13:36:00,2026-01-21 13:37:00,Wroclaw,2026-02-14,2026-02-18,5,88,150,,Late check-out,,,,,Kitchen,,0,,,,,,3,10,,ai,5601
100184,1333,2026-03-14 06:00:00,2026-03-14 06:05:00,Krakow,2026-04-10,2026-04-16,2,150,320,91966,,Breakfast,,parking,,Soundproof room,,48,,,,,,1,9,,ai,6804
100185,1316,2026-03-18 00:22:00,2026-03-18 00:26:00,Gdansk,2026-04-03,2026-04-04,2,50,606,,,,,,,Beachfront,Hide no reacted offers,81,"Family-friendly,Playground or Playroom",Any pool,,,,3,4,,ai,7367
100186,1190,2026-03-09 04:07:00,,Gdansk,2026-03-25,2026-03-30,1,0,676,,,"All inclusive, Breakfast, Dinner",,parking,,Room size 30m2 +,"Hide liked offers, Hide disliked rooms, Hide no reacted offers",80,"Child-friendly menu, Safe balcony, Entertainment for kids",,"Spa, Gym",,Coworking lounge,2,1,,manual,
100187,1180,2026-03-15 14:17:00,,Warsaw,2026-04-11,2026-04-14,1,150,641,,,,All pets allowed,,,"Wi-fi,Work desk,King/Queen-size 150+cm width",,0,,,,,,1,5,,ai,6116
100188,1071,2026-03-29 05:18:00,,Wroclaw,2026-04-13,2026-04-17,5,51,150,,,,,,,Kitchen,,49,,,Sauna,,,1,7,,ai,6689
100189,1175,2026-04-21 01:28:00,2026-04-21 01:49:00,Krakow,2026-05-12,2026-05-18,2,0,731,,,,Allows 2 pets,,"Wheelchair-accessible elevator, Accessible bed height","Single (twin) bed 80-130cm width, Water park access, Express check-in/check-out",Hide no reacted offers,0,Family-friendly,,,Shuttle service,Coworking lounge,5,1,,manual,
100190,1298,2026-03-04 18:48:00,2026-03-04 18:50:00,Warsaw,2026-03-17,2026-03-24,4,50,228,98946,,,All pets allowed,parking,,"Wi-fi,Work desk,King/Queen-size 150+cm width",,75,Family-friendly,,,,,1,10,,ai,5450
100191,1179,2026-02-17 10:04:00,2026-02-17 10:08:00,Krakow,2026-02-28,2026-03-06,4,100,648,92026,,Breakfast,,parking,,Soundproof room,,0,,,,,,4,5,,ai,5210
100192,1284,2026-03-23 18:37:00,2026-03-23 18:39:00,Wroclaw,2026-03-28,2026-04-01,5,87,150,98051,,,,,,Kitchen,,78,,,,,,1,3,,ai,6290
100193,1217,2026-03-22 13:20:00,,Warsaw,2026-04-13,2026-04-15,2,1905,2000,,,,,,,,,90,,Any pool,"Gym,Spa",,,5,9,,ai,5368
100194,1332,2026-04-30 19:52:00,2026-04-30 20:02:00,Krakow,2026-05-26,2026-06-02,3,150,874,78224,,"All inclusive, All meals, Dinner",Allows 3+ pets,parking,"Spacious room layout, Accessible bathroom","Bathroom with buthtub, Microwave, Garden",,50,,Rooftop pool,"Spa, Gym, Sauna",Shuttle service,Coworking lounge,5,1,Boutique hotel,manual,
100195,1002,2026-05-17 15:14:00,2026-05-17 15:19:00,Gdansk,2026-06-12,2026-06-13,3,100,830,,,All meals,,,,Beachfront,,45,"Family-friendly,Playground or Playroom",,,,,4,2,,ai,6959
100196,1484,2026-04-10 13:14:00,,Wroclaw,2026-04-27,2026-04-29,4,100,562,,"Early check-in, Late check-out","Lunch, All meals",,parking,"Step-free access, Accessible property, Accessible bathroom","Self check-in, Laundry facilities/services, Grab-and-go snacks (snack bar or vending machines)",Hide disliked rooms,0,,,,Shuttle service,,4,1,,manual,
100197,1333,2026-05-12 08:31:00,2026-05-12 08:53:00,Prague,2026-06-02,2026-06-04,3,150,711,84815,"Early check-in, Free cancellation, Late check-out",,"Dogs allowed, No pet deposit",parking,,Mountain view,"Hide liked offers, Hide disliked rooms",43,Family-friendly,,,,,2,4,Historical building,manual,
100198,1037,2026-05-20 02:23:00,,Krakow,2026-05-29,2026-06-03,4,150,836,,,Breakfast,,parking,Wheelchair-accessible elevator,Soundproof room,,75,,,,,,4,1,,ai,6174
100199,1231,2026-05-02 06:30:00,2026-05-02 06:53:00,Berlin,2026-05-07,2026-05-13,4,0,267,,"Late check-out, Free cancellation, Early check-in","All meals, Dinner, All inclusive",Dogs allowed,,,,Hide no reacted offers,0,"Playground or Playroom, Babysitting",,Sauna,Shuttle service,,1,9,,manual,
100200,1251,2026-03-08 08:47:00,2026-03-08 08:50:00,Warsaw,2026-03-25,2026-03-29,1,0,650,82153,,,All pets allowed,,,"Wi-fi,Work desk,King/Queen-size 150+cm width",,0,,,,,,4,7,,ai,6543
100201,1038,2026-01-29 19:00:00,2026-01-29 19:05:00,Warsaw,2026-02-21,2026-02-22,3,0,585,93635,,,All pets allowed,,,"Wi-fi,Work desk,King/Queen-size 150+cm width",,59,,,Gym,,,2,10,,ai,7132
100202,1003,2026-01-28 14:33:00,2026-01-28 14:35:00,Krakow,2026-02-21,2026-02-28,1,0,479,80154,Early check-in,Breakfast,,parking,,Soundproof room,,63,,,,,,1,8,,ai,5257
100203,1460,2026-02-17 16:04:00,,Gdansk,2026-03-14,2026-03-19,1,100,899,,,,,,,Beachfront,,14,"Family-friendly,Playground or Playroom",,,,,2,1,,ai,6862
100204,1352,2026-02-27 08:09:00,2026-02-27 08:10:00,Warsaw,2026-03-29,2026-04-02,1,0,719,92347,Early check-in,,All pets allowed,,,"Wi-fi,Work desk,King/Queen-size 150+cm width",Hide liked offers,0,,,,,,1,4,,ai,5223
100205,1478,2026-02-01 06:55:00,2026-02-01 07:05:00,Gdansk,2026-02-22,2026-02-25,4,0,700,78092,,"All inclusive, Breakfast, Dinner","Up to 15kg pet allowed, No pet deposit",parking,,Library,"Hide liked offers, Hide disliked rooms, Hide no reacted offers",20,,,"Gym, Sauna, Spa",,Coworking lounge,2,6,"Dutch-speaking staff, Boutique hotel",manual,
100206,1164,2026-05-10 12:11:00,2026-05-10 12:20:00,Gdansk,2026-05-20,2026-05-25,1,100,812,82564,"Free cancellation, Early check-in","All inclusive, Breakfast, All meals","Pet fee less than €20 per night, Up to 10kg pet allowed, Pets allowed in public areas",,,,,21,Entertainment for kids,"Heated pool, Any pool, Rooftop pool",,Shuttle service,Coworking lounge,5,6,"Design hotel, Boutique hotel, English-speaking staff",manual,
100207,1377,2026-01-30 10:52:00,2026-01-30 10:55:00,Gdansk,2026-02-14,2026-02-21,2,50,375,,,,,,,Beachfront,,43,"Family-friendly,Playground or Playroom",,,Shuttle service,,3,6,,ai,5029
100208,1017,2026-04-08 09:08:00,2026-04-08 09:18:00,Prague,2026-04-12,2026-04-15,2,0,775,,"Late check-out, Early check-in, Free cancellation",,Pet fee less than €20 per night,parking,Accessible parking on-site,,Hide liked offers,57,"Kids-friendly bathroom, Family-friendly, Safe balcony",,,Shuttle service,Coworking lounge,2,1,,manual,
100209,1017,2026-04-25 01:48:00,,Wroclaw,2026-05-03,2026-05-10,4,150,475,,"Late check-out, Free cancellation, Early check-in",,20+ kg pet allowed,parking,"Hard flooring, Spacious room layout, Accessible public areas",,"Hide no reacted offers, Hide disliked rooms, Hide liked offers",0,Safe balcony,"Rooftop pool, Any pool","Gym, Spa",,Coworking lounge,1,3,,manual,
100210,1158,2026-03-27 17:50:00,2026-03-27 17:52:00,Krakow,2026-04-25,2026-05-02,2,100,428,91445,,Breakfast,,parking,,Soundproof room,,46,,Indoor pool,,,,1,9,,ai,5316
100211,1449,2026-01-29 14:06:00,,Paris,2026-02-03,2026-02-06,2,0,506,,"Late check-out, Early check-in","Dinner, All inclusive","Toys for pets, Muzzle not required, In-room pet station",parking,,"Business center, Room service",Hide no reacted offers,66,"Family-friendly, Playground or Playroom",,"Gym, Spa, Sauna",,Coworking lounge,1,5,"Dutch-speaking staff, Historical building, Design hotel",manual,
100212,1383,2026-04-22 13:31:00,2026-04-22 13:38:00,Paris,2026-04-30,2026-05-01,3,50,545,,"Late check-out, Free cancellation, Early check-in",Breakfast,No pet deposit,parking,,,Hide liked offers,0,Safe balcony,"Any pool, Heated pool, Outdoor pool",,Shuttle service,,3,3,Multilingual staff,manual,
100213,1231,2026-03-05 16:13:00,,Wroclaw,2026-03-18,2026-03-23,4,53,150,,,,,,,Kitchen,,65,,Indoor pool,,,Coworking lounge,3,9,,ai,5216
100214,1471,2026-04-24 17:27:00,2026-04-24 17:52:00,Warsaw,2026-05-06,2026-05-08,1,0,347,87135,,"All meals, Breakfast",,parking,"Wheelchair-accessible elevator, Accessible bed height",,"Hide disliked rooms, Hide no reacted offers",0,"Babysitting, Playground or Playroom","Any pool, Rooftop pool",Gym,Shuttle service,Coworking lounge,1,2,"Multilingual staff, Dutch-speaking staff, Historical building",manual,
100215,1331,2026-04-13 01:12:00,2026-04-13 01:18:00,Gdansk,2026-04-30,2026-05-01,4,150,581,,"Early check-in, Free cancellation",,20+ kg pet allowed,parking,,"Currency exchange, Bedside reading lights, On-site restaurant","Hide disliked rooms, Hide no reacted offers",25,,Heated pool,Gym,Shuttle service,,1,1,"Multilingual staff, English-speaking staff",manual,
100216,1026,2026-05-17 09:35:00,2026-05-17 09:40:00,Krakow,2026-05-29,2026-06-05,4,150,720,82226,,Breakfast,,parking,,Soundproof room,,23,,,Sauna,,,3,9,English-speaking staff,ai,5534
100217,1262,2026-01-17 16:42:00,,Krakow,2026-01-29,2026-02-04,4,150,675,,Free cancellation,,Pet walking area nearby,parking,Wheelchair-accessible elevator,"City view, Room size 30m2 +","Hide no reacted offers, Hide liked offers",0,"Child-friendly menu, Babysitting",Heated pool,,Shuttle service,Coworking lounge,1,10,,manual,
100218,1336,2026-04-24 12:09:00,2026-04-24 12:11:00,Warsaw,2026-05-20,2026-05-24,1,50,845,,,,All pets allowed,,,"Wi-fi,Work desk,King/Queen-size 150+cm width",,88,,,,,,1,1,,ai,8280
100219,1096,2026-04-15 00:57:00,,Warsaw,2026-05-09,2026-05-13,2,150,378,,,,,parking,"Accessible bed height, Accessible room, Accessible bathroom","Hiking, Air conditioning, Garden",,59,"TV for kids, Kids-friendly bathroom, Babysitting","Outdoor pool, Any pool, Rooftop pool","Sauna, Gym",Shuttle service,Coworking lounge,4,2,,manual,
100220,1364,2026-02-18 10:59:00,,Gdansk,2026-03-17,2026-03-19,2,150,395,,,,,,,Beachfront,,64,"Family-friendly,Playground or Playroom",,,,,2,1,,ai,7996
100221,1207,2026-02-04 17:49:00,2026-02-04 17:51:00,Krakow,2026-02-07,2026-02-09,3,100,817,99462,,Breakfast,,parking,,Soundproof room,,16,,,,,,3,3,,ai,5033
100222,1264,2026-03-24 11:39:00,2026-03-24 11:42:00,Krakow,2026-03-29,2026-04-03,3,50,368,79381,,Breakfast,,parking,,Soundproof room,,20,,,,,Coworking lounge,1,3,Dutch-speaking staff,ai,8083
100223,1332,2026-04-18 16:59:00,,Warsaw,2026-05-18,2026-05-22,2,150,655,,,,All pets allowed,parking,,"Wi-fi,Work desk,King/Queen-size 150+cm width",,36,,,Sauna,,,1,3,,ai,7818
100224,1320,2026-04-01 06:33:00,2026-04-01 06:38:00,Warsaw,2026-05-01,2026-05-02,2,1913,2000,95951,,,,,,,,22,,Any pool,"Gym,Spa",,,5,9,,ai,6050
100225,1193,2026-02-13 17:26:00,2026-02-13 17:29:00,Warsaw,2026-02-19,2026-02-21,1,1927,2000,,,Lunch,Pet-welcome bonus,,,,,12,,Any pool,"Gym,Spa",,,5,9,Dutch-speaking staff,ai,5505
100226,1233,2026-05-11 18:58:00,2026-05-11 19:01:00,Warsaw,2026-06-03,2026-06-05,2,1924,2000,96037,,,,,,,,0,,Any pool,"Gym,Spa",Shuttle service,,5,9,,ai,6700
100227,1349,2026-01-31 10:17:00,2026-01-31 10:19:00,Warsaw,2026-03-02,2026-03-07,3,1919,2000,96687,,,,,,,,71,,Any pool,"Gym,Spa",,,5,9,,ai,6832
100228,1114,2026-03-29 10:55:00,2026-03-29 10:57:00,Gdansk,2026-04-20,2026-04-26,1,150,836,,,,,,,Beachfront,,71,"Family-friendly,Playground or Playroom",,,,,3,1,,ai,8615
100229,1047,2026-03-25 05:52:00,,Wroclaw,2026-04-20,2026-04-27,4,52,150,,,,,,,Kitchen,Hide no reacted offers,17,,,Gym,,,1,1,,ai,6540
100230,1109,2026-05-03 07:41:00,2026-05-03 07:45:00,Krakow,2026-05-21,2026-05-28,2,0,662,,,Breakfast,,parking,,Soundproof room,,78,,,,,,3,2,,ai,6762
100231,1151,2026-04-18 09:49:00,,Wroclaw,2026-05-02,2026-05-09,5,55,150,,,,,,,Kitchen,,14,,,,,,1,1,English-speaking staff,ai,7105
100232,1073,2026-04-20 12:14:00,2026-04-20 12:15:00,Gdansk,2026-04-29,2026-05-02,2,150,384,91162,,,,,,Beachfront,,52,"Family-friendly,Playground or Playroom",,,,,2,7,,ai,8700
100233,1146,2026-04-26 01:28:00,2026-04-26 01:29:00,Gdansk,2026-05-03,2026-05-07,3,50,564,80876,,,,,,Beachfront,,10,"Family-friendly,Playground or Playroom",,,,,5,2,,ai,6440
100234,1073,2026-01-22 09:10:00,,Berlin,2026-02-11,2026-02-14,1,150,835,,"Late check-out, Free cancellation, Early check-in",Dinner,"Pet walking area nearby, Allows 3 pets",parking,Accessible bathroom,"Daily housekeeping, Blackout curtains, Yoga area","Hide no reacted offers, Hide disliked rooms, Hide liked offers",0,,"Heated pool, Outdoor pool, Rooftop pool",,Shuttle service,Coworking lounge,2,10,"Multilingual staff, Design hotel",manual,
100235,1330,2026-02-03 19:05:00,2026-02-03 19:07:00,Krakow,2026-03-02,2026-03-04,4,150,530,,,Breakfast,,parking,,Soundproof room,,82,,,,,Coworking lounge,5,1,,ai,5014
100236,1244,2026-01-26 10:01:00,2026-01-26 10:05:00,Wroclaw,2026-01-28,2026-01-31,4,59,150,88186,,,,,,Kitchen,,76,,,,,,3,1,,ai,8289
100237,1198,2026-01-18 10:14:00,2026-01-18 10:37:00,Wroclaw,2026-02-14,2026-02-15,1,50,779,,Late check-out,,Up to 20kg pet allowed,parking,,"Daily housekeeping, Mountain view","Hide no reacted offers, Hide disliked rooms",69,"Entertainment for kids, Child-friendly menu",,"Spa, Gym",Shuttle service,Coworking lounge,5,1,,manual,
100238,1441,2026-03-09 11:10:00,2026-03-09 11:14:00,Wroclaw,2026-03-27,2026-03-29,3,63,150,96727,,,,parking,,Kitchen,,51,,,,,,3,1,,ai,7315
100239,1057,2026-03-17 17:15:00,2026-03-17 17:20:00,Berlin,2026-04-12,2026-04-16,1,150,904,,,,"Pet fee less than €20 per night, Allows 3+ pets, Additional pet services",parking,"Accessible room, Accessible parking on-site, Accessible public areas","Wi-fi, Private entrance, City view",,87,"Babysitting, Entertainment for kids, Family-friendly",,,,,1,8,Boutique hotel,manual,
100240,1285,2026-01-02 08:06:00,2026-01-02 08:07:00,Warsaw,2026-01-27,2026-02-02,3,50,730,92315,,,All pets allowed,,,"Wi-fi,Work desk,King/Queen-size 150+cm width",Hide disliked rooms,48,,Heated pool,,,,5,1,Design hotel,ai,6186
100241,1048,2026-01-10 14:38:00,2026-01-10 14:48:00,Prague,2026-01-24,2026-01-30,2,100,374,,"Early check-in, Late check-out, Free cancellation","Breakfast, Lunch",Additional pet services,parking,Hard flooring,,Hide liked offers,48,,,Sauna,,Coworking lounge,2,1,"Historical building, Dutch-speaking staff, Multilingual staff",manual,
100242,1464,2026-02-21 11:15:00,,Warsaw,2026-03-08,2026-03-11,1,100,275,,"Early check-in, Free cancellation, Late check-out","All inclusive, Dinner","Pets allowed in public areas, Pet-welcome bonus, No pet deposit",,Hard flooring,"Extra bed available, Pillow menu",Hide liked offers,22,,,Gym,Shuttle service,,1,1,Historical building,manual,
100243,1323,2026-05-14 15:30:00,2026-05-14 15:35:00,Gdansk,2026-06-08,2026-06-10,1,100,410,99631,,,,,Door width ≥ 80 cm,Beachfront,,70,"Family-friendly,Playground or Playroom",,,,,5,6,Design hotel,ai,8776
100244,1166,2026-01-12 12:19:00,2026-01-12 12:24:00,Wroclaw,2026-02-06,2026-02-07,3,94,150,,,,,,,Kitchen,Hide liked offers,89,,,Gym,,Coworking lounge,5,6,,ai,8155
100245,1233,2026-02-26 22:20:00,2026-02-26 22:34:00,Krakow,2026-03-20,2026-03-22,4,50,282,97260,,"All inclusive, Lunch, Dinner",,parking,,"Work desk, Terrace/Patio","Hide liked offers, Hide disliked rooms, Hide no reacted offers",46,"Safe balcony, Family-friendly",Rooftop pool,,Shuttle service,Coworking lounge,5,1,"Design hotel, English-speaking staff, Dutch-speaking staff",manual,
100246,1244,2026-01-22 10:58:00,2026-01-22 11:00:00,Warsaw,2026-01-31,2026-02-02,4,150,355,92817,,,All pets allowed,parking,,"Wi-fi,Work desk,King/Queen-size 150+cm width",,0,,,,,,1,1,,ai,5920
100247,1494,2026-01-03 00:08:00,2026-01-03 00:12:00,Warsaw,2026-01-31,2026-02-05,4,0,478,,,,All pets allowed,,,"Wi-fi,Work desk,King/Queen-size 150+cm width",,0,,,,,,1,10,Dutch-speaking staff,ai,8392
100248,1388,2026-02-03 07:41:00,,Krakow,2026-02-13,2026-02-17,4,50,848,,,Breakfast,,parking,,Soundproof room,,38,Playground or Playroom,,,,,4,1,Historical building,ai,7243
100249,1001,2026-03-31 03:35:00,2026-03-31 03:54:00,Berlin,2026-04-11,2026-04-14,2,150,357,76430,"Early check-in, Free cancellation","Breakfast, All meals",,parking,Accessible room,"Tour/ticket assistance, Indoor fireplace, Beauty salon/services",,0,Babysitting,Heated pool,"Spa, Sauna, Gym",,Coworking lounge,1,10,"Historical building, English-speaking staff, Design hotel",manual,
100250,1262,2026-04-11 00:13:00,2026-04-11 00:18:00,Warsaw,2026-04-30,2026-05-06,1,150,624,,"Early check-in, Free cancellation, Late check-out","Dinner, All meals, Lunch",,parking,,Hair salon,"Hide no reacted offers, Hide liked offers",52,"Family-friendly, Playground or Playroom, Kids-friendly bathroom","Outdoor pool, Rooftop pool",,Shuttle service,Coworking lounge,2,7,,manual,
100251,1140,2026-02-22 10:08:00,,Warsaw,2026-03-24,2026-03-25,1,1928,2000,,,,,,,,,0,,Any pool,"Gym,Spa",,,5,9,,ai,6677
100252,1257,2026-02-27 23:26:00,,Warsaw,2026-03-17,2026-03-19,2,50,601,,,,All pets allowed,,,"Wi-fi,Work desk,King/Queen-size 150+cm width",,18,,,Sauna,,,4,1,,ai,8323
100253,1182,2026-01-18 05:30:00,2026-01-18 05:42:00,Berlin,2026-01-22,2026-01-25,4,0,717,,Early check-in,"Breakfast, Dinner, All meals",Muzzle not required,parking,"Hard flooring, Accessible property",,,63,"Safe balcony, Entertainment for kids, Family-friendly",Any pool,"Spa, Gym, Sauna",,,1,3,"Boutique hotel, Multilingual staff, Historical building",manual,
100254,1112,2026-04-28 21:55:00,2026-04-28 21:58:00,Gdansk,2026-05-14,2026-05-17,2,100,891,83243,,All inclusive,,,,Beachfront,,79,"Family-friendly,Playground or Playroom",,,,,1,1,,ai,6778
100255,1123,2026-03-25 23:02:00,2026-03-25 23:16:00,Gdansk,2026-04-15,2026-04-21,4,50,681,,,"All inclusive, Lunch",,parking,,"Room service, In-room safe","Hide no reacted offers, Hide disliked rooms, Hide liked offers",34,,"Indoor pool, Any pool","Spa, Sauna, Gym",Shuttle service,Coworking lounge,3,1,,manual,
100256,1477,2026-02-07 21:37:00,2026-02-07 21:48:00,Wroclaw,2026-02-22,2026-02-26,3,150,753,,Late check-out,"All inclusive, Dinner, All meals",20+ kg pet allowed,,"Wheelchair-accessible elevator, Hard flooring","Hair salon, Pillow menu, Fishing",,0,,"Outdoor pool, Heated pool, Indoor pool","Gym, Sauna, Spa",,,2,7,Boutique hotel,manual,
100257,1467,2026-02-10 05:53:00,2026-02-10 06:11:00,Prague,2026-02-17,2026-02-20,1,0,558,,"Late check-out, Free cancellation","All inclusive, Dinner, Lunch",,,"Step-free access, Spacious room layout, Accessible parking on-site",,"Hide liked offers, Hide disliked rooms",77,,Outdoor pool,Spa,,Coworking lounge,1,7,,manual,
100258,1084,2026-04-05 22:33:00,2026-04-05 22:35:00,Warsaw,2026-05-01,2026-05-04,1,150,368,,,,All pets allowed,,,"Wi-fi,Work desk,King/Queen-size 150+cm width",Hide disliked rooms,50,,Heated pool,,,,3,8,,ai,5805
100259,1015,2026-02-25 18:22:00,,Warsaw,2026-03-03,2026-03-10,2,100,281,,,,"Up to 20kg pet allowed, In-room pet station",parking,"Accessible room, Door width ≥ 80 cm",,"Hide liked offers, Hide no reacted offers, Hide disliked rooms",64,Child-friendly menu,"Rooftop pool, Any pool, Indoor pool",,Shuttle service,Coworking lounge,3,1,,manual,
100260,1500,2026-02-26 02:54:00,2026-02-26 02:59:00,Krakow,2026-03-03,2026-03-04,3,150,849,77893,Early check-in,Breakfast,,parking,,Soundproof room,,71,,,,,,3,4,Historical building,ai,6661
100261,1307,2026-01-14 16:40:00,2026-01-14 16:43:00,Warsaw,2026-02-02,2026-02-03,4,1925,2000,78804,,,,,,,,14,,Any pool,"Gym,Spa",,,5,9,,ai,5410
100262,1096,2026-04-02 07:32:00,2026-04-02 07:53:00,Warsaw,2026-04-22,2026-04-25,2,0,781,96612,Early check-in,"Lunch, Breakfast",Up to 15kg pet allowed,parking,,,,11,Child-friendly menu,,,Shuttle service,Coworking lounge,4,7,,manual,
100263,1363,2026-01-19 07:44:00,2026-01-19 07:47:00,Wroclaw,2026-02-15,2026-02-16,3,78,150,76862,Late check-out,,,,,Kitchen,,0,,,Gym,,,1,6,,ai,8635
100264,1000,2026-05-15 13:53:00,2026-05-15 13:58:00,Wroclaw,2026-06-14,2026-06-20,5,99,150,81788,,,,,,Kitchen,,0,,,,,,1,1,,ai,5781
100265,1105,2026-02-17 06:19:00,2026-02-17 06:22:00,Wroclaw,2026-03-12,2026-03-13,5,95,150,81282,,,,,,Kitchen,,0,,,,,,5,6,,ai,8744
100266,1313,2026-03-04 09:16:00,2026-03-04 09:17:00,Wroclaw,2026-03-26,2026-04-01,3,94,150,84220,,,,,,Kitchen,,64,,,,,,3,10,,ai,6745
100267,1304,2026-03-24 17:27:00,2026-03-24 17:40:00,Berlin,2026-03-29,2026-04-04,2,150,596,,,"Breakfast, All inclusive, All meals",,,,"Naturist-friendly, Kitchen, King/Queen-size 150+cm width",,66,,"Any pool, Indoor pool",,Shuttle service,,5,6,Design hotel,manual,
100268,1337,2026-03-07 11:55:00,2026-03-07 11:59:00,Wroclaw,2026-04-01,2026-04-04,3,96,150,82347,,,,,,Kitchen,,38,,,,,,1,2,,ai,8502
100269,1325,2026-04-21 21:11:00,2026-04-21 21:15:00,Warsaw,2026-05-17,2026-05-20,3,150,780,,,,All pets allowed,,,"Wi-fi,Work desk,King/Queen-size 150+cm width",Hide liked offers,0,,,,,Coworking lounge,1,9,,ai,8918
100270,1085,2026-01-03 10:51:00,2026-01-03 10:53:00,Wroclaw,2026-01-21,2026-01-23,3,83,150,81927,,,,,,Kitchen,,0,,,,,,2,7,,ai,5908
100271,1037,2026-03-02 22:03:00,,Warsaw,2026-03-16,2026-03-22,4,100,287,,,"All inclusive, Breakfast","20+ kg pet allowed, Allows 3+ pets, Allows 2 pets",,"Wheelchair-accessible elevator, Accessible room",,"Hide no reacted offers, Hide liked offers",46,"Kids-friendly bathroom, TV for kids",,,,Coworking lounge,1,1,Boutique hotel,manual,
100272,1336,2026-02-20 00:32:00,2026-02-20 00:53:00,Wroclaw,2026-03-02,2026-03-05,2,150,491,,"Late check-out, Free cancellation",All meals,Toys for pets,,,"Hair salon, Coffee/Tea maker",,91,"Kids-friendly bathroom, Family-friendly",Outdoor pool,"Spa, Gym",,,4,4,,manual,
100273,1251,2026-01-10 12:18:00,,Warsaw,2026-01-21,2026-01-27,3,150,748,,Late check-out,"Dinner, All inclusive",Pets allowed in public areas,parking,"Wheelchair-accessible elevator, Hard flooring, Accessible room",,Hide liked offers,58,,Any pool,Gym,Shuttle service,Coworking lounge,1,9,,manual,
100274,1310,2026-05-20 21:22:00,2026-05-20 21:32:00,Wroclaw,2026-06-15,2026-06-20,4,100,611,85214,,,,,Step-free access,,"Hide liked offers, Hide no reacted offers, Hide disliked rooms",36,"Entertainment for kids, Babysitting, Playground or Playroom","Indoor pool, Any pool, Heated pool","Spa, Sauna, Gym",Shuttle service,Coworking lounge,5,7,Historical building,manual,
100275,1122,2026-03-18 08:17:00,,Wroclaw,2026-04-04,2026-04-06,2,150,716,,,,"Muzzle not required, Up to 20kg pet allowed",,Accessible bed height,,,57,,,Spa,Shuttle service,,5,2,Boutique hotel,manual,
100276,1265,2026-01-22 21:49:00,,Wroclaw,2026-01-29,2026-02-04,4,69,150,,,,,,,Kitchen,,49,,,,,,3,3,,ai,5187
100277,1453,2026-03-21 14:25:00,,Gdansk,2026-03-27,2026-04-03,3,50,499,,,,,,,Beachfront,,98,"Family-friendly,Playground or Playroom",,,,,2,1,,ai,7486
100278,1113,2026-05-16 20:22:00,2026-05-16 20:27:00,Krakow,2026-06-10,2026-06-16,2,100,506,82251,Free cancellation,Breakfast,,parking,,Soundproof room,,62,,,,,,1,2,,ai,8300
100279,1109,2026-04-05 02:43:00,2026-04-05 03:00:00,Prague,2026-04-25,2026-05-02,2,100,709,80260,"Early check-in, Free cancellation","Dinner, Lunch, All inclusive",,,,BBQ facilities,,58,,"Rooftop pool, Outdoor pool","Spa, Gym",,,1,10,"Boutique hotel, Multilingual staff, English-speaking staff",manual,
100280,1035,2026-04-27 15:14:00,2026-04-27 15:19:00,Krakow,2026-04-30,2026-05-04,2,0,533,79754,,Breakfast,,parking,,Soundproof room,,0,,,,,,5,9,,ai,7784
100281,1192,2026-03-03 07:16:00,2026-03-03 07:21:00,Warsaw,2026-03-17,2026-03-23,2,50,210,,"Early check-in, Late check-out, Free cancellation","All inclusive, Breakfast, Lunch","All pets allowed, No pet deposit",parking,"Wheelchair-accessible elevator, Door width ≥ 80 cm, Spacious room layout",Minibar,,27,"Safe balcony, Entertainment for kids",Any pool,Sauna,,Coworking lounge,5,7,"Dutch-speaking staff, Design hotel, Multilingual staff",manual,
100282,1385,2026-02-21 19:03:00,2026-02-21 19:08:00,Krakow,2026-03-02,2026-03-05,4,0,705,86079,Free cancellation,,,parking,"Accessible bed height, Accessible public areas",Porter/Bellboy service,"Hide disliked rooms, Hide no reacted offers",0,"TV for kids, Playground or Playroom",,,Shuttle service,,2,1,,manual,
100283,1191,2026-01-02 22:08:00,2026-01-02 22:09:00,Warsaw,2026-01-13,2026-01-19,2,1900,2000,,,,,,,,,17,,Any pool,"Gym,Spa",,,5,9,,ai,7529
100284,1448,2026-02-17 15:56:00,2026-02-17 16:03:00,Gdansk,2026-03-03,2026-03-09,1,100,412,,,,Pet walking area nearby,,,,,0,,"Rooftop pool, Heated pool, Indoor pool",Spa,Shuttle service,,1,6,"Dutch-speaking staff, Design hotel, Boutique hotel",manual,
100285,1104,2026-02-27 21:48:00,2026-02-27 21:49:00,Wroclaw,2026-03-15,2026-03-22,4,91,150,93415,,,,,Step-free access,Kitchen,,0,,,,Shuttle service,,3,3,,ai,7520
100286,1096,2026-01-06 15:04:00,,Paris,2026-01-09,2026-01-16,4,100,725,,"Late check-out, Free cancellation",,"Allows 3 pets, Allows 2 pets",parking,,,"Hide no reacted offers, Hide disliked rooms, Hide liked offers",10,"Kids-friendly bathroom, Safe balcony",,"Sauna, Spa",Shuttle service,Coworking lounge,1,1,"English-speaking staff, Historical building, Design hotel",manual,
100287,1136,2026-01-22 19:11:00,2026-01-22 19:15:00,Gdansk,2026-02-03,2026-02-09,1,100,822,97734,,,,,,Beachfront,,60,"Family-friendly,Playground or Playroom",,,,,1,2,,ai,7237
100288,1257,2026-03-12 18:50:00,,Paris,2026-03-25,2026-03-31,1,100,454,,"Late check-out, Early check-in","Lunch, All inclusive","Cats allowed, Towels for pets, Allows 3+ pets",parking,"Step-free access, Accessible bed height","Allergy-free rooms, Tour/ticket assistance","Hide no reacted offers, Hide liked offers",0,,"Rooftop pool, Heated pool, Indoor pool","Gym, Sauna, Spa",,,5,5,Dutch-speaking staff,manual,
100289,1337,2026-03-17 20:11:00,,Warsaw,2026-04-01,2026-04-07,4,50,723,,Free cancellation,,All pets allowed,,,"Wi-fi,Work desk,King/Queen-size 150+cm width",,89,Entertainment for kids,,,,Coworking lounge,3,1,,ai,8811
100290,1353,2026-05-12 16:52:00,2026-05-12 17:17:00,Berlin,2026-05-24,2026-05-28,4,100,642,81921,"Early check-in, Free cancellation, Late check-out",All inclusive,,parking,,"Fishing, On-site restaurant","Hide liked offers, Hide no reacted offers",46,"Kids-friendly bathroom, Family-friendly",,"Spa, Gym",Shuttle service,,3,1,,manual,
100291,1212,2026-03-27 15:22:00,2026-03-27 15:24:00,Warsaw,2026-04-19,2026-04-23,4,1915,2000,85261,,,,,,,,49,,Any pool,"Gym,Spa",,,5,9,,ai,5080
100292,1367,2026-05-01 01:27:00,,Warsaw,2026-05-23,2026-05-30,3,0,758,,"Early check-in, Late check-out, Free cancellation",,,parking,"Hard flooring, Accessible bathroom","Fridge, King/Queen-size 150+cm width",,37,"Entertainment for kids, Playground or Playroom, Child-friendly menu",,,,Coworking lounge,1,1,,manual,
100293,1308,2026-01-26 06:39:00,2026-01-26 06:41:00,Warsaw,2026-02-24,2026-03-01,3,150,678,91757,,,All pets allowed,,,"Wi-fi,Work desk,King/Queen-size 150+cm width",,28,,,,,,1,3,,ai,6013
100294,1451,2026-05-09 17:02:00,,Gdansk,2026-06-01,2026-06-03,2,0,554,,,,,parking,,Beachfront,,0,"Family-friendly,Playground or Playroom",,,,,1,1,,ai,6377
100295,1270,2026-05-05 16:15:00,2026-05-05 16:17:00,Gdansk,2026-05-28,2026-06-04,4,100,886,99075,,,,,,Beachfront,,51,"Family-friendly,Playground or Playroom",,,,,2,3,,ai,5879
100296,1341,2026-05-14 04:00:00,2026-05-14 04:21:00,Prague,2026-05-25,2026-05-30,2,0,592,91364,,"Breakfast, Lunch, Dinner",,,"Door width ≥ 80 cm, Step-free access, Accessible bed height","Private entrance, Allergy-free rooms, Fridge",,86,,"Heated pool, Indoor pool",Gym,,Coworking lounge,3,8,"Multilingual staff, Historical building",manual,
100297,1449,2026-04-27 03:51:00,2026-04-27 03:53:00,Wroclaw,2026-05-10,2026-05-16,5,81,150,,Free cancellation,,,,,Kitchen,,79,,,,,,2,4,,ai,8971
100298,1097,2026-04-19 14:15:00,2026-04-19 14:40:00,Berlin,2026-04-25,2026-04-28,4,150,327,79426,"Free cancellation, Late check-out, Early check-in",,"Up to 20kg pet allowed, Pet fee less than €20 per night, Allows 2 pets",parking,,"Daily housekeeping, Minibar, EV charging",,0,,Any pool,,Shuttle service,Coworking lounge,1,4,,manual,
100299,1128,2026-05-17 16:53:00,2026-05-17 16:58:00,Krakow,2026-05-24,2026-05-25,3,0,545,81864,,Breakfast,,parking,,Soundproof room,,92,,,,,,1,1,,ai,8071
100300,1203,2026-02-26 21:26:00,2026-02-26 21:30:00,Wroclaw,2026-03-10,2026-03-17,5,72,150,87259,,,,,,Kitchen,,48,,,,,,3,1,,ai,8796
100301,1134,2026-01-23 16:00:00,2026-01-23 16:02:00,Krakow,2026-01-27,2026-01-29,4,50,323,75709,,Breakfast,,parking,,Soundproof room,Hide liked offers,71,,,,,,3,10,Design hotel,ai,6119
100302,1260,2026-03-30 22:37:00,2026-03-30 22:48:00,Wroclaw,2026-04-07,2026-04-11,3,150,790,,,"Breakfast, Dinner","Toys for pets, Up to 10kg pet allowed, Pet-welcome bonus",,,Business center,"Hide no reacted offers, Hide liked offers",24,Family-friendly,Any pool,"Spa, Gym, Sauna",,,1,1,"Multilingual staff, Design hotel, Dutch-speaking staff",manual,
100303,1036,2026-01-22 23:46:00,,Warsaw,2026-02-14,2026-02-16,1,1946,2000,,,Lunch,,,,,,0,,Any pool,"Gym,Spa",,,5,9,,ai,5080
100304,1350,2026-02-21 09:30:00,2026-02-21 09:32:00,Krakow,2026-03-07,2026-03-08,4,100,311,89391,Free cancellation,Breakfast,,parking,,Soundproof room,,0,,,,,,5,1,,ai,8787
100305,1268,2026-01-14 07:59:00,,Berlin,2026-01-30,2026-02-01,2,0,719,,"Free cancellation, Late check-out, Early check-in","Breakfast, Lunch, Dinner",20+ kg pet allowed,,Step-free access,Picnic area,,72,"Kids-friendly bathroom, Entertainment for kids, TV for kids","Outdoor pool, Any pool, Rooftop pool",,,Coworking lounge,5,9,Dutch-speaking staff,manual,
100306,1369,2026-02-25 05:34:00,,Gdansk,2026-03-02,2026-03-09,2,150,815,,,,,,,Beachfront,,68,"Family-friendly,Playground or Playroom",,,,,4,10,,ai,7799
100307,1440,2026-02-17 18:57:00,2026-02-17 19:17:00,Prague,2026-02-28,2026-03-03,3,150,704,,Free cancellation,,"Pets allowed in public areas, Unattended pets allowed, Allows 3+ pets",parking,,,,62,,,"Sauna, Gym, Spa",,Coworking lounge,4,1,"Design hotel, Multilingual staff, Historical building",manual,
100308,1120,2026-03-30 02:32:00,2026-03-30 02:33:00,Warsaw,2026-04-23,2026-04-27,1,1901,2000,97387,,,,,,,,70,,Any pool,"Gym,Spa",,Coworking lounge,5,9,Multilingual staff,ai,7146
100309,1193,2026-01-07 09:33:00,2026-01-07 09:38:00,Wroclaw,2026-02-03,2026-02-10,4,58,150,76349,,,,,,Kitchen,Hide no reacted offers,0,,,,,,1,3,,ai,7036
100310,1186,2026-01-04 05:01:00,2026-01-04 05:15:00,Prague,2026-01-13,2026-01-15,1,100,864,,"Late check-out, Free cancellation",,"Dogs allowed, Allows 3+ pets",,,,"Hide disliked rooms, Hide no reacted offers, Hide liked offers",17,Babysitting,Rooftop pool,,Shuttle service,,1,1,"Boutique hotel, Design hotel, Historical building",manual,
100311,1152,2026-04-07 21:00:00,2026-04-07 21:01:00,Gdansk,2026-04-25,2026-04-27,1,0,386,82272,,,,,,Beachfront,,67,"Family-friendly,Playground or Playroom",,,,,1,3,,ai,6140
100312,1438,2026-03-14 18:56:00,2026-03-14 19:09:00,Wroclaw,2026-03-28,2026-04-03,1,150,493,,"Free cancellation, Early check-in","All meals, Lunch, Dinner","Pet-welcome bonus, Toys for pets",parking,,Air conditioning,"Hide disliked rooms, Hide liked offers",20,"Safe balcony, Babysitting, Child-friendly menu",,"Spa, Gym, Sauna",Shuttle service,Coworking lounge,4,5,Historical building,manual,
100313,1361,2026-03-17 22:02:00,,Warsaw,2026-04-09,2026-04-10,3,1912,2000,,,,,,,Real double bed (not 2 twins pushed together),,24,,Any pool,"Gym,Spa",,,5,9,,ai,6002
100314,1131,2026-03-24 00:33:00,2026-03-24 00:38:00,Krakow,2026-04-21,2026-04-26,4,0,229,,,Breakfast,,parking,,Soundproof room,,39,,,,,,4,6,,ai,7374
100315,1117,2026-02-09 17:24:00,,Warsaw,2026-02-12,2026-02-19,3,100,252,,,,All pets allowed,,,"Wi-fi,Work desk,King/Queen-size 150+cm width",,57,,,,,,2,10,,ai,6819
100316,1160,2026-02-20 22:20:00,2026-02-20 22:41:00,Wroclaw,2026-03-11,2026-03-17,4,50,594,,"Free cancellation, Early check-in",,,parking,,"Casino, VIP room amenities","Hide disliked rooms, Hide no reacted offers",65,,Rooftop pool,"Sauna, Gym",Shuttle service,Coworking lounge,2,1,Historical building,manual,
100317,1392,2026-02-27 12:02:00,2026-02-27 12:18:00,Krakow,2026-03-19,2026-03-21,3,50,464,80937,"Late check-out, Free cancellation, Early check-in",All inclusive,"No pet vaccination required, Allows 3+ pets",,Spacious room layout,,"Hide no reacted offers, Hide liked offers",82,"Playground or Playroom, Family-friendly","Indoor pool, Any pool",Spa,,Coworking lounge,1,4,Boutique hotel,manual,
100318,1207,2026-01-12 11:51:00,2026-01-12 11:56:00,Paris,2026-02-08,2026-02-12,2,50,530,,"Early check-in, Late check-out, Free cancellation","Breakfast, Lunch","20+ kg pet allowed, Unattended pets allowed",parking,"Accessible room, Accessible public areas, Accessible property",Blackout curtains,,55,"Family-friendly, Kids-friendly bathroom",,"Gym, Spa, Sauna",Shuttle service,Coworking lounge,1,7,"Design hotel, English-speaking staff",manual,
100319,1192,2026-04-12 20:45:00,2026-04-12 21:02:00,Warsaw,2026-05-04,2026-05-05,3,150,855,,Free cancellation,Breakfast,Muzzle not required,,Accessible room,"Water sports facilities, Contactless check-in/out, Soundproof room","Hide no reacted offers, Hide disliked rooms, Hide liked offers",58,,"Heated pool, Any pool",Spa,,,4,5,"Historical building, English-speaking staff",manual,
100320,1500,2026-02-04 12:06:00,2026-02-04 12:11:00,Krakow,2026-03-01,2026-03-03,2,100,355,,,Breakfast,,parking,,Soundproof room,,64,,,,,,2,9,,ai,5736
100321,1124,2026-04-05 17:55:00,2026-04-05 18:02:00,Gdansk,2026-04-20,2026-04-26,1,100,805,,"Early check-in, Free cancellation, Late check-out","All inclusive, Lunch",,parking,Door width ≥ 80 cm,"Grab-and-go snacks (snack bar or vending machines), Bike rental/services",Hide disliked rooms,82,"Safe balcony, Child-friendly menu, Family-friendly","Rooftop pool, Outdoor pool, Heated pool",,Shuttle service,,5,1,Boutique hotel,manual,
100322,1412,2026-05-20 03:30:00,2026-05-20 03:37:00,Wroclaw,2026-06-01,2026-06-03,2,150,491,,,"Lunch, Dinner, Breakfast",,,,Real double bed (not 2 twins pushed together),Hide liked offers,0,"Family-friendly, Kids-friendly bathroom, Babysitting","Rooftop pool, Indoor pool",Spa,,Coworking lounge,5,7,,manual,
100323,1099,2026-05-06 04:08:00,,Wroclaw,2026-05-30,2026-06-06,1,100,547,,"Free cancellation, Early check-in",Dinner,"No pet vaccination required, 20+ kg pet allowed, Allows 3 pets",,Accessible bed height,"Naturist-friendly, 24-hour front desk","Hide liked offers, Hide disliked rooms",95,Safe balcony,"Indoor pool, Rooftop pool","Spa, Sauna, Gym",Shuttle service,,1,7,Historical building,manual,
100324,1320,2026-02-18 21:42:00,2026-02-18 21:44:00,Wroclaw,2026-03-15,2026-03-16,5,65,150,98048,,,,,,Kitchen,,85,,Indoor pool,,,,1,3,,ai,7148
100325,1436,2026-04-16 09:46:00,2026-04-16 09:49:00,Warsaw,2026-04-30,2026-05-07,4,150,937,79452,,,All pets allowed,,,"Wi-fi,Work desk,King/Queen-size 150+cm width",,0,,,,,,5,4,,ai,7586
100326,1297,2026-01-29 00:34:00,,Warsaw,2026-02-05,2026-02-11,2,1924,2000,,,,,,,,,33,,Any pool,"Gym,Spa",,,5,9,,ai,6286
100327,1159,2026-03-25 14:49:00,2026-03-25 14:56:00,Krakow,2026-04-22,2026-04-28,2,50,514,,"Early check-in, Free cancellation",,,parking,,,"Hide disliked rooms, Hide liked offers",0,,"Outdoor pool, Any pool","Gym, Sauna",,Coworking lounge,1,1,"Design hotel, English-speaking staff, Boutique hotel",manual,
100328,1214,2026-02-14 19:49:00,,Krakow,2026-03-03,2026-03-10,4,150,781,,,Dinner,Pets allowed in public areas,,"Accessible room, Wheelchair-accessible elevator","Smoke-free property, Wake-up service",,49,"Entertainment for kids, Safe balcony, TV for kids",Indoor pool,"Gym, Sauna, Spa",,,1,6,,manual,
100329,1275,2026-02-05 19:19:00,2026-02-05 19:24:00,Warsaw,2026-03-03,2026-03-09,2,100,896,83247,,,All pets allowed,,,"Wi-fi,Work desk,King/Queen-size 150+cm width",,68,,,,,,1,7,,ai,6529
100330,1239,2026-02-27 10:03:00,2026-02-27 10:08:00,Gdansk,2026-03-03,2026-03-09,1,0,465,,Late check-out,,,,,Beachfront,,98,"Family-friendly,Playground or Playroom",,,,,3,7,,ai,8779
100331,1024,2026-03-23 10:21:00,,Warsaw,2026-04-09,2026-04-15,3,150,358,,"Late check-out, Free cancellation, Early check-in",Dinner,,parking,"Accessible bed height, Accessible property",,,62,"Kids-friendly bathroom, Playground or Playroom, TV for kids",Any pool,"Sauna, Gym, Spa",Shuttle service,Coworking lounge,1,9,English-speaking staff,manual,
100332,1340,2026-05-21 02:31:00,2026-05-21 02:38:00,Gdansk,2026-05-29,2026-06-05,1,150,939,,Free cancellation,,"No pet deposit, Toys for pets",parking,"Wheelchair-accessible elevator, Hard flooring",Bike rental/services,"Hide disliked rooms, Hide liked offers, Hide no reacted offers",15,,"Heated pool, Outdoor pool, Rooftop pool","Spa, Gym",Shuttle service,Coworking lounge,1,1,"Dutch-speaking staff, Multilingual staff",manual,
100333,1153,2026-04-06 23:04:00,2026-04-06 23:06:00,Wroclaw,2026-04-23,2026-04-28,5,98,150,87623,,,,,,Kitchen,Hide liked offers,0,,,,,Coworking lounge,3,3,,ai,7773
100334,1223,2026-04-04 09:28:00,2026-04-04 09:35:00,Berlin,2026-04-18,2026-04-19,3,50,274,,,"All inclusive, Lunch",,parking,"Spacious room layout, Step-free access",Room size 30m2 +,"Hide disliked rooms, Hide liked offers",0,,"Heated pool, Indoor pool","Gym, Sauna, Spa",Shuttle service,,1,1,,manual,
100335,1318,2026-04-19 23:35:00,2026-04-19 23:42:00,Wroclaw,2026-05-11,2026-05-14,3,150,812,,,"All meals, Dinner","Allows 3+ pets, Unattended pets allowed",,,Pillow menu,Hide no reacted offers,85,,"Indoor pool, Outdoor pool, Any pool","Sauna, Gym, Spa",Shuttle service,,1,1,English-speaking staff,manual,
100336,1266,2026-03-28 07:24:00,2026-03-28 07:49:00,Prague,2026-04-27,2026-05-03,3,100,713,,"Free cancellation, Early check-in, Late check-out",,"Pet walking area nearby, Muzzle not required, In-room pet station",parking,Hard flooring,Elevator/lift access,Hide disliked rooms,56,"Entertainment for kids, Babysitting",,,Shuttle service,Coworking lounge,2,1,"Design hotel, Historical building",manual,
100337,1386,2026-02-15 14:18:00,,Prague,2026-02-17,2026-02-20,3,150,764,,,,"Toys for pets, Dogs allowed",parking,,"Mini golf, On-site shops","Hide liked offers, Hide no reacted offers",71,"Family-friendly, Safe balcony",Rooftop pool,,Shuttle service,Coworking lounge,1,9,,manual,
100338,1257,2026-04-20 02:04:00,2026-04-20 02:10:00,Berlin,2026-05-15,2026-05-21,1,100,289,99430,,"All inclusive, All meals, Dinner",Pet walking area nearby,,"Accessible parking on-site, Step-free access, Door width ≥ 80 cm",,Hide disliked rooms,15,"Playground or Playroom, Child-friendly menu, Babysitting","Rooftop pool, Any pool",,,,2,4,,manual,
100339,1137,2026-04-10 20:45:00,2026-04-10 20:49:00,Krakow,2026-05-02,2026-05-08,3,100,278,95067,,Breakfast,,parking,,Soundproof room,,48,,,,,,1,1,,ai,6082
100340,1196,2026-03-27 04:31:00,2026-03-27 04:32:00,Gdansk,2026-04-25,2026-05-01,4,0,391,78676,,,,,,Beachfront,,52,"Family-friendly,Playground or Playroom",,,,,4,1,,ai,8688
100341,1358,2026-04-04 22:30:00,2026-04-04 22:35:00,Warsaw,2026-04-18,2026-04-23,1,1927,2000,,,,,,,,,45,,Any pool,"Gym,Spa",,,5,9,,ai,5112
100342,1407,2026-03-12 21:52:00,2026-03-12 22:13:00,Warsaw,2026-03-18,2026-03-23,4,0,463,,"Free cancellation, Late check-out",Dinner,,parking,,"BBQ facilities, Picnic area, Pillow menu",Hide disliked rooms,33,,,,Shuttle service,,1,3,Multilingual staff,manual,
100343,1425,2026-04-25 16:29:00,2026-04-25 16:49:00,Wroclaw,2026-05-07,2026-05-14,4,150,406,,Early check-in,Breakfast,"Dogs allowed, Allows 2 pets",parking,Spacious room layout,24/7 kitchen access,,53,,,"Spa, Gym",,,5,10,,manual,
100344,1346,2026-02-21 23:30:00,,Berlin,2026-03-14,2026-03-16,3,50,502,,Free cancellation,,Pet-welcome bonus,,"Wheelchair-accessible elevator, Accessible bathroom",,Hide disliked rooms,41,"Playground or Playroom, Babysitting",,"Gym, Sauna",Shuttle service,,1,1,,manual,
100345,1468,2026-04-08 14:40:00,2026-04-08 14:41:00,Krakow,2026-05-03,2026-05-09,4,50,815,99849,,Breakfast,,parking,Accessible property,Soundproof room,,35,,,,,,5,1,,ai,8712
100346,1045,2026-02-23 17:00:00,2026-02-23 17:07:00,Paris,2026-03-23,2026-03-29,2,0,527,,"Free cancellation, Late check-out, Early check-in",,No pet deposit,parking,"Accessible bathroom, Step-free access",,Hide no reacted offers,0,"Babysitting, Entertainment for kids, Child-friendly menu","Indoor pool, Rooftop pool, Outdoor pool",Spa,,,5,1,"English-speaking staff, Design hotel",manual,
100347,1380,2026-01-13 21:53:00,2026-01-13 21:54:00,Warsaw,2026-02-05,2026-02-12,3,1912,2000,83758,,,,,,,,58,,Any pool,"Gym,Spa",,,5,9,,ai,8018
100348,1084,2026-03-04 15:05:00,2026-03-04 15:08:00,Wroclaw,2026-03-12,2026-03-19,4,92,150,,,,,,,Kitchen,,97,,,,,,1,4,,ai,5992
100349,1311,2026-05-21 13:38:00,,Warsaw,2026-06-03,2026-06-04,3,1942,2000,,,,Allows 2 pets,,,,Hide disliked rooms,0,,Any pool,"Gym,Spa",,,5,9,,ai,6443
100350,1424,2026-04-30 00:16:00,,Warsaw,2026-05-17,2026-05-20,2,150,486,,Free cancellation,"Breakfast, Lunch, All meals","Up to 20kg pet allowed, Allows 3+ pets",parking,Accessible bed height,Water park access,,65,Playground or Playroom,,"Spa, Sauna, Gym",Shuttle service,Coworking lounge,5,6,,manual,
100351,1175,2026-03-03 21:49:00,2026-03-03 21:54:00,Warsaw,2026-04-02,2026-04-08,3,150,735,86773,,,All pets allowed,,,"Wi-fi,Work desk,King/Queen-size 150+cm width",,37,,,,,,4,4,,ai,7688
100352,1277,2026-04-23 03:09:00,,Warsaw,2026-05-12,2026-05-16,3,150,362,,,,All pets allowed,,,"Wi-fi,Work desk,King/Queen-size 150+cm width",,0,,,,,,1,9,Design hotel,ai,6892
100353,1389,2026-01-31 18:47:00,,Berlin,2026-02-23,2026-02-24,3,100,881,,"Late check-out, Free cancellation",,No pet vaccination required,parking,"Spacious room layout, Accessible parking on-site",Children’s pool,"Hide no reacted offers, Hide liked offers, Hide disliked rooms",0,"Safe balcony, Family-friendly","Outdoor pool, Any pool","Spa, Sauna",Shuttle service,Coworking lounge,1,10,,manual,
100354,1401,2026-02-23 18:33:00,2026-02-23 18:35:00,Warsaw,2026-03-22,2026-03-29,3,50,406,,,,All pets allowed,,,"Wi-fi,Work desk,King/Queen-size 150+cm width",,15,,,,,,1,8,,ai,7201
100355,1250,2026-04-16 13:04:00,2026-04-16 13:07:00,Krakow,2026-04-21,2026-04-25,2,150,923,85488,,Breakfast,,parking,,Soundproof room,,79,,,,,,4,1,,ai,7337
100356,1034,2026-05-07 08:07:00,2026-05-07 08:12:00,Warsaw,2026-05-30,2026-06-06,1,100,343,91492,,,All pets allowed,,,"Wi-fi,Work desk,King/Queen-size 150+cm width",,80,,,,,,5,6,,ai,6368
100357,1238,2026-05-07 23:42:00,2026-05-07 23:59:00,Krakow,2026-05-22,2026-05-27,1,0,248,,,,"Up to 20kg pet allowed, No pet deposit, Pet walking area nearby",,,,,0,"Kids-friendly bathroom, Playground or Playroom",Rooftop pool,Sauna,Shuttle service,,1,1,Dutch-speaking staff,manual,
100358,1267,2026-04-07 21:30:00,2026-04-07 21:51:00,Gdansk,2026-05-05,2026-05-11,4,150,812,82606,,,"Pet walking area nearby, No pet vaccination required, Pet fee less than €20 per night",parking,"Accessible room, Accessible bathroom",,"Hide disliked rooms, Hide no reacted offers",45,"TV for kids, Family-friendly","Indoor pool, Outdoor pool, Any pool","Gym, Spa",Shuttle service,Coworking lounge,1,1,"Historical building, Dutch-speaking staff, Boutique hotel",manual,
100359,1144,2026-02-08 11:50:00,2026-02-08 11:53:00,Gdansk,2026-02-14,2026-02-21,3,100,510,79377,,,,,,Beachfront,,0,"Family-friendly,Playground or Playroom",Rooftop pool,,,,1,4,,ai,5809
100360,1403,2026-04-05 16:15:00,2026-04-05 16:29:00,Krakow,2026-04-21,2026-04-28,3,150,341,98243,,All inclusive,"Pet walking area nearby, Pet-welcome bonus",parking,"Door width ≥ 80 cm, Accessible public areas","City view, 24/7 kitchen access, Bathroom with buthtub",Hide liked offers,0,Kids-friendly bathroom,"Indoor pool, Any pool","Sauna, Spa",Shuttle service,Coworking lounge,2,1,,manual,
100361,1260,2026-05-18 00:19:00,2026-05-18 00:22:00,Krakow,2026-06-13,2026-06-17,2,0,754,,,Breakfast,,parking,,Soundproof room,,36,,,,,,1,1,,ai,5516
100362,1394,2026-01-14 20:40:00,2026-01-14 21:03:00,Berlin,2026-01-31,2026-02-05,4,0,274,,Early check-in,,,,Accessible bed height,"Real double bed (not 2 twins pushed together), Pillow menu, Game room/arcade",Hide disliked rooms,0,Child-friendly menu,"Any pool, Rooftop pool","Sauna, Spa",Shuttle service,Coworking lounge,4,1,,manual,
100363,1360,2026-02-22 00:23:00,2026-02-22 00:24:00,Gdansk,2026-03-08,2026-03-11,3,50,470,96578,,,,,,Beachfront,,0,"Family-friendly,Playground or Playroom",,,,,3,8,,ai,8458
100364,1042,2026-04-04 11:17:00,2026-04-04 11:39:00,Wroclaw,2026-04-28,2026-05-03,2,150,652,97134,Late check-out,,Cats allowed,parking,Step-free access,"Game room/arcade, Terrace/Patio",,23,Child-friendly menu,"Any pool, Indoor pool","Spa, Gym, Sauna",Shuttle service,Coworking lounge,1,3,,manual,
100365,1072,2026-01-13 18:40:00,2026-01-13 18:44:00,Wroclaw,2026-01-22,2026-01-26,4,50,150,77957,,,,parking,,Kitchen,,71,,,,Shuttle service,,1,2,,ai,5078
100366,1083,2026-05-12 05:08:00,,Krakow,2026-05-17,2026-05-21,4,100,471,,,Breakfast,,parking,Step-free access,Soundproof room,,28,,,,,,2,9,,ai,7569
100367,1323,2026-01-09 01:44:00,,Warsaw,2026-01-25,2026-01-30,4,150,619,,,,All pets allowed,,,"Wi-fi,Work desk,King/Queen-size 150+cm width",Hide liked offers,0,,,,,,5,9,,ai,7564
100368,1404,2026-03-28 06:17:00,2026-03-28 06:32:00,Prague,2026-04-24,2026-05-01,4,50,362,,"Late check-out, Early check-in",,"All pets allowed, Muzzle not required",parking,,"Currency exchange, Beachfront, Minibar","Hide disliked rooms, Hide no reacted offers",0,,"Heated pool, Rooftop pool, Outdoor pool",Sauna,,,5,4,"Multilingual staff, Boutique hotel, Historical building",manual,
100369,1283,2026-02-21 05:26:00,2026-02-21 05:29:00,Krakow,2026-03-01,2026-03-06,1,100,461,,,Breakfast,Up to 15kg pet allowed,parking,,Soundproof room,,71,,,,,,3,5,,ai,6609
100370,1301,2026-04-30 00:50:00,2026-04-30 01:10:00,Gdansk,2026-05-29,2026-06-03,3,150,629,95039,"Free cancellation, Early check-in, Late check-out",All inclusive,"Pet walking area nearby, Allows 3 pets, Pets allowed in public areas",parking,,"Hair salon, Garden",,0,"Playground or Playroom, Babysitting, Kids-friendly bathroom",,"Gym, Sauna",Shuttle service,,5,8,"Multilingual staff, English-speaking staff, Design hotel",manual,
100371,1448,2026-03-23 02:56:00,2026-03-23 02:58:00,Warsaw,2026-03-27,2026-04-03,1,100,802,81188,,,All pets allowed,,,"Wi-fi,Work desk,King/Queen-size 150+cm width",,0,,Indoor pool,,,,3,4,,ai,5179
100372,1146,2026-02-11 12:54:00,2026-02-11 12:59:00,Warsaw,2026-02-21,2026-02-26,1,1912,2000,95206,,,,,,,,0,,Any pool,"Gym,Spa",,,5,9,Multilingual staff,ai,7003
100373,1172,2026-01-18 13:03:00,,Warsaw,2026-02-12,2026-02-17,1,1907,2000,,,,,,,,,67,,Any pool,"Gym,Spa",,,5,9,,ai,7224
100374,1135,2026-02-07 22:34:00,2026-02-07 22:42:00,Paris,2026-03-04,2026-03-06,4,100,739,,"Late check-out, Free cancellation",Lunch,Pet-welcome bonus,,"Step-free access, Door width ≥ 80 cm, Spacious room layout","Daily housekeeping, Sun loungers","Hide no reacted offers, Hide disliked rooms",0,,,"Gym, Sauna",,,2,1,,manual,
100375,1056,2026-02-26 03:16:00,,Gdansk,2026-03-02,2026-03-08,4,100,633,,"Early check-in, Late check-out",,"Unattended pets allowed, No pet vaccination required",parking,,,Hide liked offers,0,"Child-friendly menu, TV for kids","Any pool, Indoor pool, Outdoor pool","Spa, Sauna, Gym",Shuttle service,,2,2,,manual,
100376,1213,2026-03-05 08:27:00,2026-03-05 08:50:00,Gdansk,2026-03-19,2026-03-26,4,150,660,,,All meals,"Up to 20kg pet allowed, Muzzle not required, In-room pet station",,Accessible bathroom,,,57,Family-friendly,,"Gym, Spa",Shuttle service,Coworking lounge,5,5,"Dutch-speaking staff, Historical building, English-speaking staff",manual,
100377,1340,2026-01-31 04:09:00,2026-01-31 04:11:00,Wroclaw,2026-02-11,2026-02-14,5,72,150,90407,,,,,,Kitchen,,45,Safe balcony,,,,,1,9,,ai,6810
100378,1456,2026-02-13 01:48:00,2026-02-13 01:53:00,Gdansk,2026-03-13,2026-03-16,3,50,592,83247,,,Pets allowed in public areas,,,Beachfront,,95,"Family-friendly,Playground or Playroom",,,,,5,5,,ai,7735
100379,1032,2026-02-10 09:50:00,2026-02-10 09:55:00,Berlin,2026-02-14,2026-02-16,4,150,448,90947,Free cancellation,"All meals, Lunch, Dinner","Unattended pets allowed, Allows 3 pets, Pets welcome in the restaurant",parking,,"Water park access, Bathroom with rain shower",,13,"Child-friendly menu, Family-friendly, TV for kids","Any pool, Heated pool","Gym, Spa",Shuttle service,Coworking lounge,3,7,Historical building,manual,
100380,1201,2026-01-17 20:24:00,2026-01-17 20:26:00,Wroclaw,2026-02-06,2026-02-08,4,71,150,,,,Pet walking area nearby,parking,,Kitchen,Hide no reacted offers,57,,,,,,4,5,,ai,6271
100381,1286,2026-04-18 20:31:00,2026-04-18 20:46:00,Wroclaw,2026-04-28,2026-05-01,4,150,784,,,"All inclusive, All meals, Breakfast","Pets allowed in public areas, Unattended pets allowed",parking,"Hard flooring, Accessible bed height",Yoga area,"Hide liked offers, Hide no reacted offers, Hide disliked rooms",39,"Child-friendly menu, Babysitting",,"Spa, Gym",,,1,1,,manual,
100382,1454,2026-03-05 16:29:00,2026-03-05 16:44:00,Gdansk,2026-03-18,2026-03-21,1,100,652,,"Free cancellation, Late check-out","All meals, Breakfast",,parking,"Accessible bathroom, Accessible room, Accessible bed height","Concierge services, Room size 30m2 +",,0,"Playground or Playroom, Babysitting","Heated pool, Indoor pool","Sauna, Gym",Shuttle service,Coworking lounge,1,2,,manual,
100383,1383,2026-04-19 23:02:00,,Gdansk,2026-05-04,2026-05-06,1,150,726,,,,,,,Beachfront,,0,"Family-friendly,Playground or Playroom",,,,,1,1,,ai,6339
100384,1247,2026-03-31 13:11:00,2026-03-31 13:33:00,Wroclaw,2026-04-25,2026-05-01,4,0,415,,"Free cancellation, Late check-out","Lunch, Breakfast","Up to 10kg pet allowed, Additional pet services",,"Accessible room, Door width ≥ 80 cm","Bike rental/services, Beach/pool towels","Hide no reacted offers, Hide liked offers, Hide disliked rooms",0,Babysitting,Outdoor pool,Gym,,Coworking lounge,1,3,,manual,
100385,1471,2026-01-08 23:05:00,,Prague,2026-01-26,2026-02-02,1,0,474,,Free cancellation,All inclusive,"In-room pet station, Allows 3 pets",,"Spacious room layout, Wheelchair-accessible elevator, Accessible bed height",Blackout curtains,,0,,"Indoor pool, Heated pool","Spa, Sauna, Gym",,Coworking lounge,1,5,Multilingual staff,manual,
100386,1104,2026-05-12 14:48:00,2026-05-12 14:50:00,Wroclaw,2026-05-20,2026-05-23,5,91,150,84646,,,,,,Kitchen,,0,,,Gym,Shuttle service,,3,1,,ai,8956
100387,1041,2026-03-12 05:52:00,2026-03-12 05:54:00,Warsaw,2026-03-22,2026-03-25,3,100,378,,,,All pets allowed,,,"Wi-fi,Work desk,King/Queen-size 150+cm width",,0,Playground or Playroom,Heated pool,,,,3,9,,ai,7454
100388,1489,2026-02-09 14:15:00,2026-02-09 14:20:00,Warsaw,2026-02-24,2026-02-26,1,0,263,89538,Late check-out,,All pets allowed,,,"Wi-fi,Work desk,King/Queen-size 150+cm width",,24,,,,,,4,3,,ai,7920
100389,1218,2026-01-25 14:42:00,2026-01-25 14:50:00,Warsaw,2026-02-01,2026-02-06,2,150,917,,"Early check-in, Late check-out, Free cancellation",,"Up to 20kg pet allowed, Pet walking area nearby",parking,,,,0,,Indoor pool,"Spa, Gym",,,2,2,"Multilingual staff, Boutique hotel, English-speaking staff",manual,
100390,1488,2026-02-24 16:51:00,2026-02-24 17:09:00,Berlin,2026-03-14,2026-03-21,1,100,591,,,,"Up to 15kg pet allowed, Additional pet services, No pet vaccination required",parking,"Accessible property, Accessible room","Mountain view, 24-hour security, Terrace/Patio","Hide liked offers, Hide disliked rooms",0,,,,,Coworking lounge,5,3,,manual,
100391,1384,2026-03-03 00:30:00,2026-03-03 00:38:00,Wroclaw,2026-03-11,2026-03-15,1,100,362,,Early check-in,"Lunch, All meals",,parking,,,,0,"Playground or Playroom, Kids-friendly bathroom, Babysitting",,"Spa, Sauna, Gym",Shuttle service,Coworking lounge,1,1,"Dutch-speaking staff, Boutique hotel, Design hotel",manual,
100392,1485,2026-02-09 12:25:00,2026-02-09 12:28:00,Warsaw,2026-03-02,2026-03-09,3,1936,2000,,Early check-in,All inclusive,,parking,,,,66,,Any pool,"Gym,Spa",,Coworking lounge,5,9,Historical building,ai,7180
100393,1264,2026-02-04 20:11:00,,Wroclaw,2026-02-09,2026-02-12,5,79,150,,Free cancellation,,,,,Kitchen,,84,,,,,,1,1,,ai,6858
100394,1169,2026-02-12 12:37:00,2026-02-12 12:51:00,Warsaw,2026-03-06,2026-03-10,3,50,646,,"Late check-out, Free cancellation, Early check-in",Dinner,"No pet deposit, Additional pet services",parking,"Accessible public areas, Accessible bed height, Door width ≥ 80 cm","Microwave, Terrace/Patio",,0,"Playground or Playroom, Safe balcony, Babysitting",,,Shuttle service,Coworking lounge,1,1,,manual,
100395,1351,2026-02-15 10:34:00,2026-02-15 10:38:00,Gdansk,2026-03-13,2026-03-16,4,150,899,,,,,,,Beachfront,,96,"Family-friendly,Playground or Playroom",,,Shuttle service,,1,1,,ai,6378
100396,1183,2026-02-23 14:57:00,,Gdansk,2026-03-13,2026-03-15,1,0,576,,,,,,,Beachfront,,68,"Family-friendly,Playground or Playroom",,,,,3,1,,ai,5848
100397,1129,2026-05-04 00:25:00,2026-05-04 00:30:00,Warsaw,2026-05-26,2026-06-02,2,50,320,,,,All pets allowed,,,"Wi-fi,Work desk,King/Queen-size 150+cm width",,0,,,,,Coworking lounge,5,5,Design hotel,ai,6322
100398,1048,2026-03-26 13:10:00,2026-03-26 13:30:00,Paris,2026-04-07,2026-04-08,2,150,682,,"Late check-out, Free cancellation, Early check-in",,"Up to 15kg pet allowed, Pet fee less than €20 per night, Toys for pets",parking,,Indoor fireplace,,56,,"Rooftop pool, Outdoor pool",Spa,,Coworking lounge,3,1,,manual,
100399,1368,2026-03-11 01:52:00,2026-03-11 01:57:00,Warsaw,2026-04-06,2026-04-13,2,0,344,93799,,,All pets allowed,,,"Wi-fi,Work desk,King/Queen-size 150+cm width",,80,,,,Shuttle service,,1,4,,ai,8741
100400,1091,2026-05-13 01:22:00,2026-05-13 01:24:00,Krakow,2026-05-31,2026-06-05,4,150,714,84874,,Breakfast,,parking,,Soundproof room,,0,,,,,,2,1,,ai,7559
100401,1450,2026-04-06 17:29:00,2026-04-06 17:39:00,Prague,2026-04-23,2026-04-26,2,0,724,,"Free cancellation, Late check-out, Early check-in",,,parking,,Double (full) bed 131-150cm width,"Hide liked offers, Hide no reacted offers, Hide disliked rooms",0,"Babysitting, Family-friendly",,Sauna,Shuttle service,Coworking lounge,4,2,"English-speaking staff, Historical building",manual,
100402,1071,2026-03-28 01:05:00,2026-03-28 01:13:00,Gdansk,2026-04-27,2026-04-29,3,0,528,,,"All inclusive, Lunch, All meals","Additional pet services, Up to 10kg pet allowed",,"Wheelchair-accessible elevator, Accessible bed height, Accessible public areas","24/7 kitchen access, Soundproof room","Hide disliked rooms, Hide liked offers",0,"Safe balcony, TV for kids, Kids-friendly bathroom","Any pool, Heated pool",,Shuttle service,,1,8,,manual,
100403,1066,2026-02-24 07:28:00,2026-02-24 07:33:00,Warsaw,2026-03-06,2026-03-13,2,50,239,,,,All pets allowed,,,"Wi-fi,Work desk,King/Queen-size 150+cm width",,17,,,,,,1,7,,ai,8699
100404,1374,2026-05-15 10:41:00,2026-05-15 10:46:00,Krakow,2026-06-09,2026-06-14,3,100,615,97280,,Breakfast,,parking,,Soundproof room,Hide no reacted offers,0,,,,Shuttle service,,5,2,Boutique hotel,ai,5897
100405,1273,2026-05-01 11:03:00,,Gdansk,2026-05-07,2026-05-12,1,50,720,,,,,,,Beachfront,,0,"Family-friendly,Playground or Playroom",,,,,1,7,,ai,6764
100406,1426,2026-03-12 02:08:00,,Wroclaw,2026-03-19,2026-03-23,5,97,150,,,,Dogs allowed,,,Kitchen,,0,,,,,,3,7,,ai,6523
100407,1262,2026-05-19 04:23:00,2026-05-19 04:47:00,Gdansk,2026-06-18,2026-06-23,4,0,161,,,,,parking,Accessible property,,"Hide no reacted offers, Hide disliked rooms, Hide liked offers",32,"Babysitting, Entertainment for kids, TV for kids","Any pool, Rooftop pool",,,Coworking lounge,4,3,"Historical building, English-speaking staff, Boutique hotel",manual,
100408,1271,2026-04-04 21:52:00,2026-04-04 22:11:00,Gdansk,2026-04-19,2026-04-22,4,100,260,,"Early check-in, Free cancellation",,"Allows 3 pets, Pets allowed in public areas",,,"Table tennis, Extra bed available",,30,,Heated pool,"Sauna, Gym",,,1,5,"Historical building, Design hotel, English-speaking staff",manual,
100409,1394,2026-03-30 14:39:00,,Wroclaw,2026-04-15,2026-04-16,3,50,838,,"Early check-in, Free cancellation","All meals, Dinner",Towels for pets,,,,"Hide no reacted offers, Hide disliked rooms, Hide liked offers",19,Entertainment for kids,"Heated pool, Indoor pool","Gym, Sauna",Shuttle service,Coworking lounge,1,3,,manual,
100410,1000,2026-03-13 03:32:00,2026-03-13 03:57:00,Wroclaw,2026-04-08,2026-04-09,2,150,779,,Free cancellation,,,parking,,"Water sports facilities, 24-hour security","Hide disliked rooms, Hide no reacted offers",63,,,,Shuttle service,Coworking lounge,4,3,Boutique hotel,manual,
100411,1413,2026-05-10 18:11:00,,Wroclaw,2026-05-20,2026-05-22,4,56,150,,,,,,,Kitchen,,0,,,Gym,,,4,1,,ai,8628
100412,1492,2026-03-04 21:05:00,2026-03-04 21:06:00,Gdansk,2026-03-29,2026-04-02,4,150,422,76335,,Breakfast,,,,Beachfront,,57,"Family-friendly,Playground or Playroom",,,,,2,1,,ai,8291
100413,1043,2026-01-21 14:53:00,2026-01-21 14:55:00,Gdansk,2026-02-15,2026-02-22,2,0,153,98142,,,,,,Beachfront,,18,"Family-friendly,Playground or Playroom",,,,,2,10,,ai,6209
100414,1467,2026-03-09 03:04:00,,Warsaw,2026-04-03,2026-04-06,1,150,526,,,,All pets allowed,,,"Wi-fi,Work desk,King/Queen-size 150+cm width",,17,Child-friendly menu,,,,,1,3,,ai,7459
100415,1479,2026-03-30 01:55:00,,Krakow,2026-04-12,2026-04-15,3,0,518,,,Breakfast,,parking,Accessible room,Soundproof room,,0,,,Gym,,,1,1,,ai,6314
100416,1432,2026-01-08 18:39:00,2026-01-08 18:44:00,Warsaw,2026-01-30,2026-02-04,1,0,378,,,,All pets allowed,,,"Wi-fi,Work desk,King/Queen-size 150+cm width",,55,,,,,,1,1,,ai,7613
100417,1093,2026-02-24 14:44:00,2026-02-24 14:46:00,Warsaw,2026-02-28,2026-03-01,2,1915,2000,,,,,,,,,80,,Any pool,"Gym,Spa",,,5,9,,ai,5876
100418,1092,2026-02-03 17:02:00,2026-02-03 17:18:00,Wroclaw,2026-02-10,2026-02-12,3,50,481,,,,,parking,"Accessible bed height, Spacious room layout, Hard flooring","Bedside reading lights, Game room/arcade","Hide no reacted offers, Hide disliked rooms, Hide liked offers",15,,,,,Coworking lounge,4,7,,manual,
100419,1410,2026-03-11 17:38:00,2026-03-11 17:42:00,Wroclaw,2026-03-29,2026-04-01,5,95,150,,,,,,,Kitchen,,61,,,,,,3,9,,ai,6012
100420,1231,2026-01-15 02:16:00,2026-01-15 02:24:00,Wroclaw,2026-01-26,2026-01-29,3,150,392,,Early check-in,,"Up to 10kg pet allowed, No pet deposit, Unattended pets allowed",parking,Wheelchair-accessible elevator,,"Hide no reacted offers, Hide disliked rooms, Hide liked offers",15,,Rooftop pool,,,,1,5,,manual,
100421,1057,2026-01-02 16:08:00,2026-01-02 16:13:00,Wroclaw,2026-01-19,2026-01-25,3,78,150,86567,,,Unattended pets allowed,,,Kitchen,,19,,Indoor pool,,,,1,1,English-speaking staff,ai,6549
100422,1096,2026-01-03 22:21:00,2026-01-03 22:22:00,Gdansk,2026-01-26,2026-02-01,2,0,653,,,,,,,Beachfront,,0,"Family-friendly,Playground or Playroom",,Sauna,,,1,8,,ai,6900
100423,1347,2026-01-03 10:13:00,,Paris,2026-01-08,2026-01-11,2,0,538,,Late check-out,"Breakfast, All inclusive","Up to 10kg pet allowed, Pet-welcome bonus",,,"On-site medical assistance, Hair salon",,67,"Kids-friendly bathroom, Playground or Playroom, Entertainment for kids","Indoor pool, Heated pool","Sauna, Spa",,,3,1,,manual,
100424,1340,2026-02-04 21:45:00,2026-02-04 21:47:00,Warsaw,2026-02-15,2026-02-16,4,1911,2000,94967,Late check-out,,,,,,,0,,Any pool,"Gym,Spa",,Coworking lounge,5,9,Multilingual staff,ai,6504
100425,1355,2026-01-02 03:06:00,2026-01-02 03:22:00,Warsaw,2026-01-11,2026-01-16,1,100,677,,"Late check-out, Early check-in",,"Towels for pets, All pets allowed",,"Accessible public areas, Door width ≥ 80 cm",,Hide liked offers,29,TV for kids,"Any pool, Rooftop pool, Indoor pool",Spa,Shuttle service,,1,5,,manual,
100426,1486,2026-02-10 17:30:00,2026-02-10 17:45:00,Berlin,2026-03-04,2026-03-10,4,0,438,,"Early check-in, Free cancellation",,,parking,,"Table tennis, Single (twin) bed 80-130cm width",Hide liked offers,0,,Indoor pool,"Gym, Spa",Shuttle service,Coworking lounge,5,3,"English-speaking staff, Historical building, Multilingual staff",manual,
100427,1276,2026-05-18 22:42:00,,Krakow,2026-06-10,2026-06-11,2,50,602,,,Breakfast,,parking,,Soundproof room,,0,,,,,,4,1,,ai,6791
100428,1004,2026-01-28 05:04:00,,Wroclaw,2026-01-31,2026-02-05,2,100,424,,"Early check-in, Late check-out, Free cancellation",Dinner,,parking,"Accessible public areas, Step-free access",,"Hide no reacted offers, Hide liked offers, Hide disliked rooms",0,,"Indoor pool, Heated pool, Rooftop pool",,,,2,3,English-speaking staff,manual,
100429,1080,2026-03-06 10:08:00,2026-03-06 10:13:00,Warsaw,2026-03-13,2026-03-19,3,100,675,92831,,,All pets allowed,,,"Wi-fi,Work desk,King/Queen-size 150+cm width",,16,,,,,,2,1,,ai,8951
100430,1054,2026-01-30 06:21:00,2026-01-30 06:26:00,Wroclaw,2026-02-11,2026-02-14,1,100,322,86211,,"Lunch, Breakfast, All inclusive","Unattended pets allowed, No pet deposit, Dogs allowed",parking,,"Meeting/Conference facilities, Ski access & services, Room service","Hide liked offers, Hide no reacted offers, Hide disliked rooms",63,,"Outdoor pool, Indoor pool","Gym, Sauna, Spa",Shuttle service,Coworking lounge,1,3,"English-speaking staff, Design hotel, Boutique hotel",manual,
100431,1062,2026-01-26 22:30:00,2026-01-26 22:43:00,Warsaw,2026-02-13,2026-02-18,2,100,692,91765,"Late check-out, Free cancellation, Early check-in","All meals, Breakfast, Dinner",,parking,"Accessible bathroom, Accessible parking on-site",Minibar,"Hide no reacted offers, Hide liked offers, Hide disliked rooms",73,,,,Shuttle service,Coworking lounge,1,1,,manual,
100432,1266,2026-04-24 07:08:00,,Gdansk,2026-05-22,2026-05-25,4,100,617,,,,,,Wheelchair-accessible elevator,Beachfront,,54,"Family-friendly,Playground or Playroom",,,,,3,10,,ai,6072
100433,1090,2026-05-02 23:48:00,,Prague,2026-05-25,2026-05-31,3,100,371,,,Lunch,"Up to 20kg pet allowed, Up to 15kg pet allowed, Cats allowed",,,Fishing,Hide liked offers,0,,,Sauna,Shuttle service,Coworking lounge,1,10,,manual,
100434,1279,2026-01-03 10:52:00,2026-01-03 10:55:00,Krakow,2026-01-23,2026-01-29,4,50,228,76670,,Breakfast,,parking,,Soundproof room,,60,,,,,,1,2,,ai,8645
100435,1036,2026-02-28 22:33:00,,Krakow,2026-03-28,2026-04-01,4,150,775,,,Breakfast,,parking,,Soundproof room,,0,,,,,,1,4,,ai,5466
100436,1451,2026-04-23 05:31:00,,Wroclaw,2026-05-16,2026-05-21,4,88,150,,,,,,,Kitchen,,39,,,Spa,,,3,5,,ai,7106
100437,1219,2026-05-01 23:47:00,2026-05-01 23:55:00,Paris,2026-05-15,2026-05-18,2,150,468,,"Free cancellation, Late check-out",,"Toys for pets, Towels for pets",parking,Hard flooring,,,87,"TV for kids, Safe balcony",,"Sauna, Gym",,Coworking lounge,1,1,"English-speaking staff, Design hotel",manual,
100438,1341,2026-03-07 16:09:00,2026-03-07 16:12:00,Wroclaw,2026-03-15,2026-03-17,4,88,150,85158,,,,,,Kitchen,,67,,,,,,3,1,,ai,5101
100439,1483,2026-04-13 00:18:00,2026-04-13 00:33:00,Warsaw,2026-05-04,2026-05-09,2,0,151,,,,Toys for pets,,"Accessible bed height, Hard flooring, Wheelchair-accessible elevator",,,62,Playground or Playroom,"Outdoor pool, Any pool",Gym,,Coworking lounge,3,1,,manual,
100440,1212,2026-03-24 07:17:00,2026-03-24 07:28:00,Wroclaw,2026-04-04,2026-04-09,3,150,400,,Free cancellation,"Dinner, All inclusive",Allows 3 pets,parking,,"Table tennis, Children’s pool, Bars and lounges (including poolside bar)",,0,Safe balcony,"Rooftop pool, Indoor pool, Outdoor pool",Gym,Shuttle service,Coworking lounge,4,6,,manual,
100441,1379,2026-03-06 06:52:00,2026-03-06 07:07:00,Gdansk,2026-03-26,2026-03-28,3,150,459,88306,Late check-out,"Dinner, Breakfast",,,,"Safe for toddlers and kids, Minibar",,46,Safe balcony,"Heated pool, Any pool",,,Coworking lounge,1,8,"Design hotel, Dutch-speaking staff, English-speaking staff",manual,
100442,1432,2026-02-08 14:20:00,,Warsaw,2026-02-12,2026-02-13,1,0,613,,,,All pets allowed,,,"Wi-fi,Work desk,King/Queen-size 150+cm width",,0,,Indoor pool,,,,1,1,,ai,7980
100443,1316,2026-04-14 12:53:00,,Berlin,2026-05-02,2026-05-03,2,50,477,,"Late check-out, Early check-in",Lunch,"Dogs allowed, Unattended pets allowed, Pet walking area nearby",,"Accessible bed height, Spacious room layout","Connecting rooms, Meeting/Conference facilities, Crib/Cot available",,45,"Playground or Playroom, Child-friendly menu, TV for kids",,Spa,,Coworking lounge,1,3,,manual,
100444,1322,2026-05-15 21:08:00,,Wroclaw,2026-06-01,2026-06-06,3,82,150,,,,,,,Kitchen,,22,Babysitting,,,,,5,1,,ai,8943
100445,1368,2026-03-06 20:13:00,2026-03-06 20:16:00,Warsaw,2026-03-15,2026-03-18,3,0,656,80054,,,All pets allowed,,,"Wi-fi,Work desk,King/Queen-size 150+cm width",Hide liked offers,70,Entertainment for kids,,,,,1,5,,ai,7498
100446,1445,2026-05-06 11:58:00,,Prague,2026-05-15,2026-05-18,1,50,395,,,All inclusive,Up to 10kg pet allowed,parking,,Naturist-friendly,Hide liked offers,41,,,,,Coworking lounge,4,1,,manual,
100447,1322,2026-04-07 04:09:00,,Krakow,2026-04-14,2026-04-15,2,100,413,,,Breakfast,,parking,,Soundproof room,,82,,,,,,4,1,,ai,7365
100448,1049,2026-04-26 22:16:00,2026-04-26 22:19:00,Warsaw,2026-05-14,2026-05-18,3,50,384,,,,All pets allowed,,,"Wi-fi,Work desk,King/Queen-size 150+cm width",,47,,,,,,4,10,,ai,7951
100449,1131,2026-04-10 01:38:00,2026-04-10 01:40:00,Wroclaw,2026-04-16,2026-04-20,5,87,150,,,,,,,Kitchen,,25,,,,,,5,6,,ai,8718
100450,1359,2026-04-16 13:58:00,2026-04-16 14:02:00,Warsaw,2026-05-05,2026-05-06,2,0,249,96436,,,All pets allowed,,,"Wi-fi,Work desk,King/Queen-size 150+cm width",,84,Safe balcony,,,,,2,9,,ai,7776
100451,1472,2026-03-14 12:16:00,,Wroclaw,2026-04-04,2026-04-08,3,97,150,,,,,,,Kitchen,,89,,,,,Coworking lounge,1,2,,ai,8636
100452,1377,2026-02-17 00:13:00,,Warsaw,2026-03-14,2026-03-18,4,1910,2000,,Early check-in,,Cats allowed,parking,,,,49,,Any pool,"Gym,Spa",,,5,9,,ai,6774
100453,1405,2026-03-14 11:07:00,2026-03-14 11:25:00,Paris,2026-04-13,2026-04-17,2,50,416,,,All inclusive,"Pet walking area nearby, Unattended pets allowed",parking,,"Mountain view, Fridge",,99,Kids-friendly bathroom,"Heated pool, Rooftop pool",Spa,,Coworking lounge,1,6,"Boutique hotel, Design hotel, Dutch-speaking staff",manual,
100454,1236,2026-03-18 14:49:00,,Warsaw,2026-04-12,2026-04-16,2,1925,2000,,,Lunch,Muzzle not required,,,,,74,,Any pool,"Gym,Spa",,,5,9,,ai,8252
100455,1078,2026-05-11 04:55:00,2026-05-11 04:59:00,Krakow,2026-05-31,2026-06-05,1,100,664,,Early check-in,Breakfast,,parking,,Soundproof room,,65,,,,,,1,8,,ai,8396
100456,1374,2026-05-04 08:43:00,2026-05-04 08:48:00,Wroclaw,2026-05-25,2026-05-28,4,73,150,,,,,,,Kitchen,Hide liked offers,0,,,Sauna,,Coworking lounge,2,1,,ai,7806
100457,1127,2026-03-14 21:01:00,2026-03-14 21:24:00,Prague,2026-04-01,2026-04-03,4,0,661,,"Free cancellation, Early check-in",,"Allows 3 pets, Up to 15kg pet allowed, Dogs allowed",parking,,,"Hide no reacted offers, Hide disliked rooms",85,,,Gym,Shuttle service,Coworking lounge,4,1,Boutique hotel,manual,
100458,1211,2026-04-04 21:10:00,,Krakow,2026-04-13,2026-04-16,1,150,510,,Late check-out,Breakfast,Allows 3 pets,parking,,Soundproof room,,48,,,,,,1,6,Boutique hotel,ai,7787
100459,1123,2026-01-23 05:20:00,2026-01-23 05:24:00,Warsaw,2026-02-12,2026-02-16,2,0,318,81624,,,All pets allowed,,,"Wi-fi,Work desk,King/Queen-size 150+cm width",Hide liked offers,98,,,,,,4,1,Historical building,ai,8305
100460,1121,2026-01-16 07:12:00,2026-01-16 07:14:00,Wroclaw,2026-01-28,2026-01-31,4,92,150,81430,,,,,Accessible room,Kitchen,,71,,,,,,3,8,,ai,5324
100461,1031,2026-02-21 11:31:00,2026-02-21 11:36:00,Paris,2026-03-11,2026-03-17,3,0,498,79782,,All meals,,,,"Extra bed available, Picnic area, Room size 30m2 +","Hide disliked rooms, Hide no reacted offers",40,TV for kids,Any pool,Gym,Shuttle service,,5,7,,manual,
100462,1186,2026-04-16 00:15:00,2026-04-16 00:20:00,Krakow,2026-05-16,2026-05-17,3,100,560,81542,,Breakfast,,parking,,Soundproof room,,0,Family-friendly,,,,,2,1,,ai,7991
100463,1245,2026-05-14 21:37:00,2026-05-14 21:40:00,Gdansk,2026-05-30,2026-06-01,2,150,638,79648,,,,,Step-free access,Beachfront,,42,"Family-friendly,Playground or Playroom",,,,,1,1,,ai,7627
100464,1119,2026-04-24 13:11:00,2026-04-24 13:13:00,Warsaw,2026-05-18,2026-05-22,2,1906,2000,,,,,,,,,65,,Any pool,"Gym,Spa",,,5,9,,ai,8972
100465,1094,2026-04-30 15:47:00,2026-04-30 15:49:00,Gdansk,2026-05-06,2026-05-08,2,100,561,,,,,,,Beachfront,,84,"Family-friendly,Playground or Playroom",,,,,1,1,English-speaking staff,ai,7375
100466,1498,2026-04-04 10:17:00,2026-04-04 10:37:00,Krakow,2026-04-10,2026-04-16,3,0,663,,"Free cancellation, Early check-in",,"Allows 2 pets, Muzzle not required, Pets welcome in the restaurant",,"Accessible bed height, Accessible public areas",,"Hide no reacted offers, Hide liked offers, Hide disliked rooms",95,Playground or Playroom,Outdoor pool,,Shuttle service,,4,8,"Historical building, English-speaking staff, Multilingual staff",manual,
100467,1292,2026-01-29 09:03:00,2026-01-29 09:04:00,Warsaw,2026-02-09,2026-02-14,1,50,750,96092,,,All pets allowed,,,"Wi-fi,Work desk,King/Queen-size 150+cm width",Hide disliked rooms,75,Safe balcony,,,,,1,1,,ai,7798
100468,1472,2026-03-03 04:24:00,,Paris,2026-03-09,2026-03-14,1,150,546,,"Free cancellation, Late check-out, Early check-in",,"Muzzle not required, Cats allowed, Allows 3 pets",,,"Pillow menu, Sun loungers","Hide liked offers, Hide no reacted offers, Hide disliked rooms",0,,,"Sauna, Spa",,Coworking lounge,1,6,"Boutique hotel, Historical building",manual,
100469,1032,2026-04-09 18:53:00,2026-04-09 18:55:00,Gdansk,2026-04-28,2026-04-29,3,100,622,,,,,,,Beachfront,,88,"Family-friendly,Playground or Playroom",,Sauna,,Coworking lounge,2,8,Dutch-speaking staff,ai,7211
100470,1153,2026-04-09 23:31:00,,Krakow,2026-04-24,2026-04-25,3,50,655,,,Breakfast,,parking,,Soundproof room,,33,,Rooftop pool,Sauna,,,5,6,,ai,7099
100471,1022,2026-04-21 20:50:00,2026-04-21 20:51:00,Warsaw,2026-05-14,2026-05-17,4,1928,2000,,,,,,,,,86,,Any pool,"Gym,Spa",,,5,9,,ai,8050
100472,1156,2026-03-23 16:07:00,2026-03-23 16:12:00,Gdansk,2026-03-25,2026-03-27,4,0,164,82472,"Early check-in, Free cancellation, Late check-out",,"Allows 2 pets, No pet vaccination required, Pet walking area nearby",,,"On-site restaurant, 24-hour front desk","Hide no reacted offers, Hide disliked rooms, Hide liked offers",0,"Babysitting, Kids-friendly bathroom, Family-friendly","Outdoor pool, Any pool, Heated pool",,,Coworking lounge,1,1,"Design hotel, Dutch-speaking staff, Historical building",manual,
100473,1058,2026-04-22 22:07:00,2026-04-22 22:12:00,Warsaw,2026-04-24,2026-04-27,2,1948,2000,80138,,,,,,,,0,,Any pool,"Gym,Spa",,,5,9,,ai,6577
100474,1115,2026-03-21 22:03:00,2026-03-21 22:06:00,Wroclaw,2026-04-01,2026-04-04,5,100,150,78415,,,,,,Kitchen,,0,,,,,Coworking lounge,4,2,,ai,8251
100475,1185,2026-03-14 20:40:00,2026-03-14 20:42:00,Gdansk,2026-04-07,2026-04-11,2,150,773,78280,,,,,,Beachfront,,0,"Family-friendly,Playground or Playroom",,,,,3,1,,ai,8544
100476,1277,2026-02-02 15:03:00,2026-02-02 15:05:00,Warsaw,2026-02-22,2026-02-26,1,100,264,75688,,,All pets allowed,,,"Wi-fi,Work desk,King/Queen-size 150+cm width",,17,,,,,,5,1,,ai,8802
100477,1402,2026-02-07 06:39:00,2026-02-07 06:41:00,Gdansk,2026-03-05,2026-03-10,3,0,525,,,,,,Spacious room layout,Beachfront,Hide liked offers,71,"Family-friendly,Playground or Playroom",Indoor pool,,,,1,5,,ai,7385
100478,1346,2026-05-19 05:40:00,2026-05-19 05:48:00,Warsaw,2026-05-26,2026-05-31,4,100,561,81592,Free cancellation,"All inclusive, Lunch","Pets allowed in public areas, Pet walking area nearby",parking,Door width ≥ 80 cm,"Allergy-free rooms, Connecting rooms, Single (twin) bed 80-130cm width",Hide liked offers,0,Babysitting,"Heated pool, Rooftop pool, Outdoor pool",,Shuttle service,Coworking lounge,3,1,,manual,
100479,1490,2026-01-20 09:44:00,2026-01-20 09:49:00,Warsaw,2026-02-18,2026-02-22,3,0,268,83130,Free cancellation,,All pets allowed,parking,,"Wi-fi,Work desk,King/Queen-size 150+cm width",,64,,Any pool,,,,1,7,,ai,7872
100480,1183,2026-04-01 02:16:00,2026-04-01 02:19:00,Wroclaw,2026-04-10,2026-04-14,4,56,150,,,,,,,Kitchen,,27,,,,,,1,10,,ai,8089
100481,1218,2026-02-05 18:25:00,2026-02-05 18:47:00,Warsaw,2026-02-19,2026-02-24,3,50,428,,"Early check-in, Late check-out, Free cancellation","All inclusive, All meals, Breakfast","Toys for pets, Pets welcome in the restaurant",,Accessible room,"Porter/Bellboy service, Smoke-free property, Private bathroom",Hide no reacted offers,0,,,Gym,Shuttle service,,3,1,"Boutique hotel, Dutch-speaking staff, Multilingual staff",manual,
100482,1498,2026-04-22 04:47:00,2026-04-22 04:52:00,Gdansk,2026-04-27,2026-04-29,4,100,847,79015,,,,,,Beachfront,,24,"Family-friendly,Playground or Playroom",Heated pool,,,,3,1,,ai,6687
100483,1477,2026-02-15 11:18:00,,Gdansk,2026-03-07,2026-03-10,2,150,947,,,All inclusive,"Pets welcome in the restaurant, Allows 3 pets",,,"Grab-and-go snacks (snack bar or vending machines), Indoor fireplace, Library",,0,,"Any pool, Outdoor pool","Sauna, Gym",Shuttle service,Coworking lounge,1,8,,manual,
100484,1374,2026-05-11 11:36:00,2026-05-11 11:39:00,Warsaw,2026-05-24,2026-05-25,3,150,684,,,,All pets allowed,,,"Wi-fi,Work desk,King/Queen-size 150+cm width",,70,Playground or Playroom,Heated pool,,,,3,10,,ai,6542
100485,1317,2026-03-06 17:00:00,2026-03-06 17:06:00,Berlin,2026-03-10,2026-03-17,2,100,526,,Free cancellation,,,parking,,Laundry facilities/services,"Hide disliked rooms, Hide liked offers",11,Kids-friendly bathroom,,,Shuttle service,Coworking lounge,5,7,,manual,
100486,1238,2026-04-18 13:05:00,2026-04-18 13:10:00,Warsaw,2026-04-27,2026-05-01,3,1938,2000,,,,Pet fee less than €20 per night,,,,,0,,Any pool,"Gym,Spa",,,5,9,,ai,8695
100487,1038,2026-01-28 01:55:00,,Wroclaw,2026-02-08,2026-02-13,3,68,150,,,,,,,Kitchen,,0,,,,,,1,10,,ai,5450
100488,1201,2026-01-28 11:05:00,,Prague,2026-02-10,2026-02-11,4,150,333,,"Early check-in, Free cancellation","All meals, All inclusive",Allows 3+ pets,parking,"Accessible room, Door width ≥ 80 cm",,"Hide no reacted offers, Hide liked offers",37,,"Rooftop pool, Outdoor pool, Any pool",,Shuttle service,,1,3,"Boutique hotel, English-speaking staff",manual,
100489,1199,2026-04-01 22:48:00,2026-04-01 22:50:00,Warsaw,2026-04-26,2026-05-01,2,1935,2000,,,,,,,,,17,,Any pool,"Gym,Spa",,,5,9,,ai,7565
100490,1143,2026-04-21 20:34:00,2026-04-21 20:46:00,Berlin,2026-05-09,2026-05-11,3,100,731,,"Early check-in, Free cancellation",All meals,Up to 10kg pet allowed,,,,Hide disliked rooms,0,Safe balcony,"Rooftop pool, Indoor pool",,,Coworking lounge,1,9,,manual,
100491,1189,2026-01-04 14:06:00,2026-01-04 14:07:00,Warsaw,2026-01-14,2026-01-17,4,150,881,93094,,,All pets allowed,,,"Wi-fi,Work desk,King/Queen-size 150+cm width",,80,Child-friendly menu,,,,,1,9,,ai,5037
100492,1164,2026-04-28 17:28:00,,Warsaw,2026-05-19,2026-05-23,4,1947,2000,,,,,parking,,,,100,,Any pool,"Gym,Spa",,,5,9,,ai,7371
100493,1252,2026-04-27 13:08:00,2026-04-27 13:13:00,Warsaw,2026-05-13,2026-05-15,4,1950,2000,75430,,,,,,,,90,,Any pool,"Gym,Spa",,,5,9,,ai,5108
100494,1089,2026-03-24 04:50:00,2026-03-24 04:54:00,Warsaw,2026-04-07,2026-04-13,4,1931,2000,,Free cancellation,,,,,,,37,,Any pool,"Gym,Spa",,,5,9,,ai,6314
100495,1429,2026-01-30 07:39:00,,Gdansk,2026-02-21,2026-02-26,3,150,770,,Early check-in,,No pet vaccination required,,"Spacious room layout, Accessible property, Step-free access",,"Hide disliked rooms, Hide no reacted offers",62,,Outdoor pool,,,,4,2,Boutique hotel,manual,
100496,1108,2026-02-16 03:19:00,,Wroclaw,2026-02-24,2026-02-25,5,61,150,,,,,,,Kitchen,,0,,,,,,5,1,,ai,6841
100497,1359,2026-03-09 01:40:00,2026-03-09 01:45:00,Wroclaw,2026-04-01,2026-04-07,4,64,150,84852,,,Pets allowed in public areas,,,Kitchen,,10,,,,,,1,3,,ai,6380
100498,1218,2026-02-18 16:18:00,2026-02-18 16:34:00,Krakow,2026-03-03,2026-03-07,3,0,242,,"Late check-out, Early check-in, Free cancellation","All inclusive, Dinner",Pet-welcome bonus,,Spacious room layout,"Contactless check-in/out, Terrace/Patio, Real double bed (not 2 twins pushed together)","Hide liked offers, Hide no reacted offers, Hide disliked rooms",0,,,,,Coworking lounge,1,1,"English-speaking staff, Multilingual staff",manual,
100499,1260,2026-03-24 14:32:00,2026-03-24 14:39:00,Krakow,2026-04-06,2026-04-09,2,0,561,,,,In-room pet station,,"Spacious room layout, Accessible bathroom, Accessible parking on-site","Tennis court, Currency exchange","Hide liked offers, Hide no reacted offers, Hide disliked rooms",33,"Playground or Playroom, Family-friendly, Kids-friendly bathroom",Indoor pool,Gym,Shuttle service,Coworking lounge,1,4,"Historical building, Design hotel, Multilingual staff",manual,
100500,1283,2026-04-28 14:39:00,,Warsaw,2026-05-17,2026-05-20,4,1900,2000,,,All meals,,,,,,26,,Any pool,"Gym,Spa",,,5,9,Boutique hotel,ai,5777
100501,1042,2026-02-05 17:06:00,2026-02-05 17:09:00,Warsaw,2026-02-24,2026-02-28,3,50,515,97348,,,All pets allowed,,Door width ≥ 80 cm,"Wi-fi,Work desk,King/Queen-size 150+cm width",,0,,,,,,4,1,,ai,7011
100502,1194,2026-01-03 11:33:00,,Warsaw,2026-01-08,2026-01-14,4,1909,2000,,,,,,,,,10,,Any pool,"Gym,Spa",,,5,9,,ai,6975
100503,1352,2026-04-06 21:47:00,2026-04-06 22:05:00,Warsaw,2026-04-23,2026-04-26,1,150,624,,,Dinner,Pet fee less than €20 per night,,,"Express check-in/check-out, Coffee/Tea maker, Water sports facilities",,13,Family-friendly,,,,Coworking lounge,1,1,"English-speaking staff, Design hotel",manual,
100504,1384,2026-03-08 15:25:00,2026-03-08 15:29:00,Warsaw,2026-03-29,2026-03-31,2,1904,2000,87427,,,,,,,,0,,Any pool,"Gym,Spa",,,5,9,,ai,8012
100505,1082,2026-05-21 08:11:00,2026-05-21 08:13:00,Krakow,2026-06-09,2026-06-14,3,150,352,,,Breakfast,,parking,,Soundproof room,,80,,,,,,4,4,,ai,5153
100506,1385,2026-02-21 23:03:00,,Berlin,2026-03-07,2026-03-13,1,0,430,,"Early check-in, Free cancellation, Late check-out",,No pet deposit,parking,Accessible bed height,"24-hour security, Casino, Allergy-free rooms","Hide disliked rooms, Hide liked offers, Hide no reacted offers",43,,Heated pool,"Gym, Sauna",Shuttle service,,1,6,Dutch-speaking staff,manual,
100507,1373,2026-05-02 07:05:00,2026-05-02 07:06:00,Krakow,2026-05-23,2026-05-30,3,0,375,,Free cancellation,Breakfast,,parking,,Soundproof room,,60,,,Sauna,,,2,6,,ai,8830
100508,1100,2026-01-23 14:08:00,2026-01-23 14:12:00,Wroclaw,2026-02-15,2026-02-18,3,98,150,,,,,,,Kitchen,,24,,,,,,2,5,,ai,7812
100509,1404,2026-05-17 08:42:00,2026-05-17 08:47:00,Wroclaw,2026-05-22,2026-05-29,3,75,150,95048,,,,,,Kitchen,,0,,,,,,5,5,,ai,6887
100510,1323,2026-01-31 07:59:00,2026-01-31 08:09:00,Warsaw,2026-02-27,2026-03-05,1,150,495,,Free cancellation,,Additional pet services,parking,,,"Hide disliked rooms, Hide liked offers, Hide no reacted offers",80,"Kids-friendly bathroom, Safe balcony, TV for kids",,Gym,,Coworking lounge,2,4,"Design hotel, Boutique hotel, Historical building",manual,
100511,1311,2026-02-28 20:58:00,2026-02-28 21:00:00,Wroclaw,2026-03-14,2026-03-19,4,82,150,85659,,,,,,Kitchen,,66,,,,,,1,3,,ai,5024
100512,1186,2026-02-09 16:58:00,2026-02-09 17:01:00,Krakow,2026-02-16,2026-02-20,3,0,708,,,Breakfast,,parking,,Soundproof room,,75,,,,,,1,1,,ai,7217
100513,1018,2026-01-08 21:37:00,2026-01-08 21:54:00,Prague,2026-01-14,2026-01-16,3,150,487,90452,"Early check-in, Late check-out, Free cancellation","Breakfast, All inclusive, All meals","Allows 2 pets, Allows 3 pets, Pet walking area nearby",,Accessible room,"Fishing, Table tennis, Hiking","Hide no reacted offers, Hide liked offers, Hide disliked rooms",78,"Family-friendly, TV for kids","Rooftop pool, Indoor pool",,,Coworking lounge,5,10,,manual,
100514,1430,2026-03-16 13:14:00,2026-03-16 13:15:00,Krakow,2026-04-05,2026-04-11,4,100,651,,,Breakfast,,parking,,Soundproof room,,29,,,,Shuttle service,,1,1,,ai,6615
100515,1181,2026-01-30 02:59:00,2026-01-30 03:14:00,Gdansk,2026-02-10,2026-02-17,1,50,519,,Early check-in,,"Up to 20kg pet allowed, No pet vaccination required",parking,"Accessible property, Hard flooring","Terrace/Patio, Bathroom with buthtub","Hide liked offers, Hide no reacted offers",43,,"Heated pool, Rooftop pool, Indoor pool","Sauna, Gym",Shuttle service,,4,3,"Boutique hotel, Historical building",manual,
100516,1363,2026-04-03 03:56:00,2026-04-03 04:16:00,Warsaw,2026-04-25,2026-05-02,4,50,542,,"Late check-out, Early check-in, Free cancellation",,Up to 20kg pet allowed,parking,"Accessible parking on-site, Door width ≥ 80 cm","Casino, Private bathroom, Private entrance","Hide no reacted offers, Hide liked offers",0,Babysitting,"Outdoor pool, Rooftop pool, Heated pool","Gym, Sauna",Shuttle service,Coworking lounge,1,1,Historical building,manual,
100517,1442,2026-03-13 09:25:00,2026-03-13 09:37:00,Prague,2026-03-28,2026-04-01,3,100,561,76661,,"Lunch, All meals","Muzzle not required, Pet walking area nearby, Pet fee less than €20 per night",,"Wheelchair-accessible elevator, Accessible public areas, Accessible room",Grab-and-go snacks (snack bar or vending machines),,0,"Family-friendly, Kids-friendly bathroom",,"Gym, Sauna",Shuttle service,,3,6,,manual,
100518,1332,2026-03-02 12:06:00,2026-03-02 12:25:00,Prague,2026-03-25,2026-03-28,3,50,674,,,Lunch,,parking,,,"Hide disliked rooms, Hide no reacted offers",0,,"Rooftop pool, Indoor pool","Spa, Gym, Sauna",,,1,9,,manual,
100519,1348,2026-03-12 03:32:00,2026-03-12 03:37:00,Warsaw,2026-03-16,2026-03-21,2,1917,2000,,,,,,,,,75,,Any pool,"Gym,Spa",,Coworking lounge,5,9,,ai,5268
100520,1220,2026-03-25 10:57:00,,Warsaw,2026-04-04,2026-04-06,2,0,316,,,,All pets allowed,,,"Wi-fi,Work desk,King/Queen-size 150+cm width",,13,,,,,,4,1,,ai,7028
100521,1058,2026-02-08 19:16:00,,Warsaw,2026-03-01,2026-03-08,2,0,311,,,,All pets allowed,,,"Wi-fi,Work desk,King/Queen-size 150+cm width",,50,,,,,,1,1,,ai,8841
100522,1091,2026-04-28 23:00:00,,Paris,2026-05-24,2026-05-28,3,0,643,,"Early check-in, Late check-out, Free cancellation",Dinner,"Allows 3+ pets, Dogs allowed, Pets welcome in the restaurant",parking,Accessible parking on-site,24/7 kitchen access,"Hide disliked rooms, Hide no reacted offers",32,Kids-friendly bathroom,Indoor pool,"Gym, Sauna, Spa",,,3,1,"English-speaking staff, Multilingual staff, Historical building",manual,
100523,1282,2026-05-20 12:40:00,2026-05-20 12:44:00,Krakow,2026-06-07,2026-06-10,2,100,693,76153,Free cancellation,Breakfast,,parking,,Soundproof room,,88,,,,,,3,5,Design hotel,ai,6138
100524,1128,2026-03-29 13:48:00,,Wroclaw,2026-04-17,2026-04-24,5,75,150,,,Lunch,,,,Kitchen,,75,,,,,Coworking lounge,3,1,,ai,8854
100525,1092,2026-04-26 03:38:00,2026-04-26 04:00:00,Warsaw,2026-05-19,2026-05-20,4,0,157,,"Free cancellation, Late check-out, Early check-in",,,parking,,Bathroom with buthtub,"Hide disliked rooms, Hide liked offers, Hide no reacted offers",31,"Child-friendly menu, Babysitting, Family-friendly","Heated pool, Outdoor pool",Gym,Shuttle service,,1,9,"Historical building, Dutch-speaking staff, Multilingual staff",manual,
100526,1392,2026-04-03 09:33:00,2026-04-03 09:35:00,Warsaw,2026-04-10,2026-04-13,1,1900,2000,97230,Early check-in,,,,Step-free access,,,76,,Any pool,"Gym,Spa",Shuttle service,,5,9,,ai,7561
100527,1023,2026-03-22 17:09:00,,Krakow,2026-03-28,2026-03-30,3,50,744,,,Breakfast,,parking,,Soundproof room,,23,Babysitting,,,Shuttle service,,1,1,,ai,7751
100528,1061,2026-01-19 13:21:00,2026-01-19 13:26:00,Krakow,2026-01-25,2026-01-31,1,100,431,77505,,Breakfast,,parking,,Soundproof room,Hide liked offers,95,Kids-friendly bathroom,,,,,1,6,,ai,6520
100529,1140,2026-04-12 08:31:00,2026-04-12 08:33:00,Gdansk,2026-04-20,2026-04-25,4,0,491,84470,,,,parking,,Beachfront,,30,"Family-friendly,Playground or Playroom",,,,,5,1,,ai,7342
100530,1299,2026-03-20 01:36:00,2026-03-20 01:41:00,Warsaw,2026-03-29,2026-03-30,3,50,209,94409,,,All pets allowed,,,"Wi-fi,Work desk,King/Queen-size 150+cm width",,0,,,,,,1,1,,ai,7236
100531,1344,2026-03-22 17:45:00,2026-03-22 17:47:00,Warsaw,2026-04-18,2026-04-21,4,150,660,89829,,,All pets allowed,,,"Wi-fi,Work desk,King/Queen-size 150+cm width",,0,,,,Shuttle service,,5,9,,ai,8585
100532,1468,2026-05-17 08:56:00,2026-05-17 09:01:00,Krakow,2026-06-12,2026-06-14,4,0,575,99153,,Breakfast,,parking,,Soundproof room,,30,,,,,,2,1,,ai,8690
100533,1216,2026-04-14 18:16:00,2026-04-14 18:29:00,Berlin,2026-05-11,2026-05-17,4,150,354,83633,,"Breakfast, Lunch, Dinner","Pets allowed in public areas, No pet deposit",parking,,"Wi-fi, Elevator/lift access, In-room safe","Hide no reacted offers, Hide disliked rooms, Hide liked offers",20,"Kids-friendly bathroom, Safe balcony, Entertainment for kids",,,Shuttle service,Coworking lounge,1,1,"Multilingual staff, English-speaking staff",manual,
100534,1232,2026-02-27 15:51:00,,Wroclaw,2026-03-05,2026-03-08,3,91,150,,,,,,,Kitchen,,37,TV for kids,,,,,4,10,,ai,6348
100535,1182,2026-04-18 10:53:00,2026-04-18 11:03:00,Paris,2026-05-07,2026-05-12,4,0,787,,,Lunch,,parking,"Accessible parking on-site, Hard flooring, Door width ≥ 80 cm",24/7 kitchen access,"Hide no reacted offers, Hide disliked rooms",70,,"Any pool, Indoor pool, Outdoor pool","Gym, Spa",,Coworking lounge,5,1,,manual,
100536,1108,2026-01-23 06:05:00,2026-01-23 06:24:00,Wroclaw,2026-02-06,2026-02-13,4,0,230,,,"All meals, Breakfast",Pet walking area nearby,,,Crib/Cot available,"Hide liked offers, Hide no reacted offers, Hide disliked rooms",0,"Kids-friendly bathroom, Safe balcony",,,Shuttle service,,1,9,"Multilingual staff, Dutch-speaking staff",manual,
100537,1486,2026-03-23 08:05:00,2026-03-23 08:07:00,Gdansk,2026-04-02,2026-04-08,2,50,453,,,All inclusive,,,,Beachfront,,81,"Family-friendly,Playground or Playroom",,,,,1,1,,ai,7349
100538,1405,2026-04-19 23:14:00,2026-04-19 23:16:00,Warsaw,2026-04-26,2026-04-30,3,50,757,80860,,,All pets allowed,,,"Wi-fi,Work desk,King/Queen-size 150+cm width",,0,,,,,,1,2,,ai,5892
100539,1358,2026-05-06 12:57:00,2026-05-06 13:18:00,Prague,2026-05-19,2026-05-23,3,100,605,,"Late check-out, Early check-in",,"Allows 2 pets, Up to 15kg pet allowed, Pets allowed in public areas",parking,"Accessible room, Accessible parking on-site","Smoke-free property, Sea view","Hide disliked rooms, Hide liked offers",0,,"Rooftop pool, Outdoor pool","Gym, Spa, Sauna",,,5,10,,manual,
100540,1294,2026-03-29 13:33:00,2026-03-29 13:38:00,Warsaw,2026-04-04,2026-04-10,3,1913,2000,,,,,,,,,0,,Any pool,"Gym,Spa",,,5,9,,ai,7513
100541,1462,2026-02-15 08:24:00,,Gdansk,2026-03-07,2026-03-11,4,50,468,,,,,,,Beachfront,,26,"Family-friendly,Playground or Playroom",,Gym,,,1,7,,ai,7596
100542,1220,2026-04-24 12:03:00,2026-04-24 12:06:00,Warsaw,2026-05-06,2026-05-13,3,1915,2000,,,,,,,Terrace/Patio,,0,,Any pool,"Gym,Spa",Shuttle service,,5,9,,ai,8594
100543,1095,2026-04-26 22:37:00,2026-04-26 22:50:00,Berlin,2026-05-09,2026-05-14,3,0,418,,"Free cancellation, Early check-in",,Pet walking area nearby,parking,,,Hide disliked rooms,56,,"Heated pool, Outdoor pool","Spa, Gym, Sauna",Shuttle service,Coworking lounge,1,2,,manual,
100544,1091,2026-02-07 14:08:00,2026-02-07 14:12:00,Gdansk,2026-03-07,2026-03-09,1,150,565,,,,,parking,,Beachfront,,75,"Family-friendly,Playground or Playroom",,,Shuttle service,,2,7,,ai,6704
100545,1408,2026-05-01 21:20:00,,Paris,2026-05-13,2026-05-17,2,150,835,,"Early check-in, Free cancellation, Late check-out","All meals, Dinner, Breakfast",Allows 2 pets,,,Soundproof room,Hide liked offers,69,Child-friendly menu,"Any pool, Indoor pool",,Shuttle service,Coworking lounge,2,5,"Dutch-speaking staff, Boutique hotel",manual,
100546,1341,2026-01-09 02:24:00,2026-01-09 02:26:00,Krakow,2026-01-18,2026-01-25,4,100,767,,,Breakfast,,parking,,Soundproof room,,87,,Rooftop pool,,,,5,4,,ai,7067
100547,1393,2026-05-09 19:30:00,,Warsaw,2026-05-20,2026-05-22,4,50,759,,,"All inclusive, All meals","Up to 15kg pet allowed, No pet deposit",parking,,,"Hide disliked rooms, Hide no reacted offers",19,,,Spa,,,1,1,,manual,
100548,1411,2026-02-26 20:42:00,2026-02-26 20:47:00,Krakow,2026-03-27,2026-04-03,2,0,163,,,Breakfast,,parking,,Soundproof room,,62,,,,,,2,1,,ai,8086
100549,1423,2026-02-07 20:22:00,2026-02-07 20:40:00,Wroclaw,2026-02-12,2026-02-13,3,0,251,83715,"Late check-out, Early check-in",Lunch,Cats allowed,parking,"Accessible parking on-site, Accessible room",Picnic area,,85,,"Heated pool, Outdoor pool",Gym,,,2,1,,manual,
100550,1479,2026-01-08 19:19:00,2026-01-08 19:21:00,Krakow,2026-01-23,2026-01-24,1,100,702,,,Breakfast,,parking,,Soundproof room,,0,,,,,,1,9,,ai,7043
100551,1034,2026-01-05 09:59:00,,Warsaw,2026-02-03,2026-02-06,1,50,814,,"Early check-in, Free cancellation","Breakfast, Dinner",,,,Porter/Bellboy service,,0,,"Any pool, Outdoor pool, Heated pool",,Shuttle service,Coworking lounge,5,1,"Multilingual staff, English-speaking staff",manual,
100552,1046,2026-02-05 11:04:00,2026-02-05 11:23:00,Paris,2026-02-24,2026-03-03,4,50,252,,"Early check-in, Late check-out","All meals, Breakfast",,parking,,,"Hide no reacted offers, Hide liked offers",90,,Any pool,Spa,Shuttle service,,4,9,English-speaking staff,manual,
100553,1225,2026-01-06 01:20:00,2026-01-06 01:42:00,Warsaw,2026-01-24,2026-01-28,4,100,313,,,"Dinner, Lunch, All meals",,,"Accessible public areas, Hard flooring","Extra bed available, Safe for toddlers and kids, Sea view",,0,"Kids-friendly bathroom, Entertainment for kids","Heated pool, Outdoor pool, Any pool",Gym,,Coworking lounge,5,9,,manual,
100554,1070,2026-04-04 19:39:00,2026-04-04 19:40:00,Krakow,2026-04-10,2026-04-12,4,150,897,,,Breakfast,,parking,,Soundproof room,,0,,,,,,4,1,,ai,5301
100555,1161,2026-01-30 22:26:00,2026-01-30 22:30:00,Krakow,2026-02-01,2026-02-02,3,150,331,94516,,Breakfast,,parking,Accessible bathroom,Soundproof room,,0,,,,,,5,9,,ai,8054
100556,1269,2026-04-04 10:51:00,2026-04-04 10:55:00,Gdansk,2026-04-11,2026-04-17,3,100,259,,,,,,,Beachfront,,0,"Family-friendly,Playground or Playroom",,,,,3,1,Boutique hotel,ai,7521
100557,1035,2026-05-20 03:01:00,,Berlin,2026-06-13,2026-06-20,3,150,900,,"Late check-out, Free cancellation, Early check-in",,"Pet walking area nearby, No pet deposit, Unattended pets allowed",,"Accessible public areas, Accessible bathroom, Hard flooring",,,16,,"Any pool, Heated pool, Rooftop pool",,,,1,1,Historical building,manual,
100558,1232,2026-03-28 01:08:00,2026-03-28 01:20:00,Krakow,2026-04-13,2026-04-14,3,50,490,,,"Dinner, All meals, Lunch",,parking,"Step-free access, Door width ≥ 80 cm, Accessible room",Water sports facilities,,50,Safe balcony,Heated pool,"Spa, Gym",Shuttle service,Coworking lounge,3,8,"Dutch-speaking staff, Boutique hotel",manual,
100559,1296,2026-04-09 20:44:00,2026-04-09 20:49:00,Warsaw,2026-04-25,2026-04-30,3,1930,2000,77566,,,,,,,,0,TV for kids,Any pool,"Gym,Spa",,,5,9,,ai,5735
100560,1345,2026-03-15 03:04:00,2026-03-15 03:20:00,Gdansk,2026-03-27,2026-04-03,4,100,404,75499,"Free cancellation, Early check-in, Late check-out",Dinner,"Dogs allowed, Pets allowed in public areas, Pet walking area nearby",parking,,,"Hide disliked rooms, Hide liked offers",18,,Outdoor pool,"Spa, Gym, Sauna",Shuttle service,,1,1,,manual,
100561,1318,2026-05-20 13:01:00,2026-05-20 13:10:00,Warsaw,2026-06-03,2026-06-09,2,150,935,,Free cancellation,"Dinner, Lunch, All inclusive","Allows 3+ pets, Pet-welcome bonus",parking,Accessible public areas,"Fishing, Coffee/Tea maker, Bathroom with buthtub",,10,"Safe balcony, Family-friendly","Rooftop pool, Any pool",Sauna,Shuttle service,Coworking lounge,5,1,,manual,
100562,1079,2026-02-04 09:01:00,2026-02-04 09:05:00,Gdansk,2026-02-22,2026-03-01,1,100,331,89970,,,,,,Beachfront,,29,"Family-friendly,Playground or Playroom",,,,,4,1,,ai,7001
100563,1151,2026-03-19 05:44:00,2026-03-19 06:00:00,Wroclaw,2026-03-26,2026-04-02,1,150,596,,"Early check-in, Free cancellation",,,,,,,52,"Playground or Playroom, Entertainment for kids, Babysitting",,"Gym, Sauna, Spa",,Coworking lounge,1,1,English-speaking staff,manual,
100564,1361,2026-02-16 04:11:00,,Wroclaw,2026-03-06,2026-03-07,3,0,350,,,,"Additional pet services, Up to 10kg pet allowed",parking,"Accessible bathroom, Accessible property, Step-free access",,"Hide disliked rooms, Hide liked offers, Hide no reacted offers",67,,,"Sauna, Spa",,,5,1,English-speaking staff,manual,
100565,1078,2026-03-16 10:45:00,2026-03-16 11:10:00,Berlin,2026-04-04,2026-04-06,2,50,230,,"Late check-out, Early check-in, Free cancellation","Dinner, Breakfast, All inclusive",,parking,,,"Hide no reacted offers, Hide liked offers, Hide disliked rooms",0,,"Outdoor pool, Indoor pool, Heated pool","Spa, Sauna",Shuttle service,Coworking lounge,4,1,,manual,
100566,1311,2026-03-15 07:09:00,2026-03-15 07:13:00,Krakow,2026-03-19,2026-03-23,3,150,666,97050,,Breakfast,,parking,,Soundproof room,,0,,Rooftop pool,,,,2,6,,ai,6617
100567,1194,2026-02-15 08:06:00,2026-02-15 08:10:00,Wroclaw,2026-03-06,2026-03-11,4,68,150,90887,Late check-out,,,,,Kitchen,,0,,,,,,5,1,Design hotel,ai,6403
100568,1078,2026-01-20 18:06:00,2026-01-20 18:10:00,Krakow,2026-02-19,2026-02-24,4,50,423,,,Breakfast,,parking,,Soundproof room,,0,,,,,,4,7,,ai,8594
100569,1141,2026-02-25 02:35:00,2026-02-25 02:37:00,Wroclaw,2026-03-26,2026-03-30,3,57,150,99028,,All inclusive,,,,Kitchen,,69,,,,,,4,4,,ai,7807
100570,1195,2026-01-28 16:32:00,2026-01-28 16:33:00,Wroclaw,2026-02-12,2026-02-16,3,53,150,77859,,,Pets allowed in public areas,,,Kitchen,,67,,,,,,1,1,,ai,6965
100571,1396,2026-01-25 00:24:00,2026-01-25 00:32:00,Warsaw,2026-02-15,2026-02-19,3,0,404,,Early check-in,,,parking,,"Currency exchange, BBQ facilities","Hide disliked rooms, Hide no reacted offers",62,,Any pool,Gym,,Coworking lounge,2,6,,manual,
100572,1282,2026-04-11 10:28:00,2026-04-11 10:31:00,Warsaw,2026-05-03,2026-05-07,1,100,450,,,,All pets allowed,,,"Wi-fi,Work desk,King/Queen-size 150+cm width",,0,,,,,,1,1,,ai,6958
100573,1419,2026-01-26 04:07:00,,Gdansk,2026-01-30,2026-02-04,2,100,859,,Early check-in,"Dinner, Lunch, All inclusive",,,,,"Hide disliked rooms, Hide liked offers, Hide no reacted offers",18,,,Sauna,Shuttle service,Coworking lounge,4,1,,manual,
100574,1491,2026-03-30 11:48:00,2026-03-30 12:03:00,Paris,2026-04-21,2026-04-25,2,150,447,90796,"Free cancellation, Early check-in, Late check-out",Breakfast,"All pets allowed, In-room pet station",,"Accessible bed height, Accessible property","Picnic area, Porter/Bellboy service, Room size 30m2 +",,0,"Playground or Playroom, Family-friendly","Outdoor pool, Rooftop pool",Spa,,Coworking lounge,5,6,,manual,
100575,1450,2026-01-21 14:26:00,2026-01-21 14:35:00,Paris,2026-01-26,2026-01-27,1,0,650,,"Free cancellation, Early check-in, Late check-out",Breakfast,"All pets allowed, Pet walking area nearby",,,Blackout curtains,,43,,"Outdoor pool, Any pool",,,Coworking lounge,5,7,"Dutch-speaking staff, Multilingual staff, English-speaking staff",manual,
100576,1122,2026-01-27 19:21:00,2026-01-27 19:25:00,Wroclaw,2026-02-05,2026-02-11,3,51,150,87447,,,,,,Kitchen,,30,Babysitting,,,,,1,5,,ai,7585
100577,1190,2026-01-22 09:28:00,2026-01-22 09:33:00,Gdansk,2026-01-29,2026-02-05,2,0,226,96000,,,,,,Beachfront,,87,"Family-friendly,Playground or Playroom",,,,,2,1,,ai,5103
100578,1019,2026-01-13 04:58:00,2026-01-13 05:05:00,Wroclaw,2026-01-31,2026-02-07,1,0,576,,"Early check-in, Late check-out",,Pets allowed in public areas,,Accessible room,Golf course (on-site or nearby),,65,"Kids-friendly bathroom, Entertainment for kids, Babysitting",,Gym,,Coworking lounge,2,3,English-speaking staff,manual,
100579,1458,2026-01-18 19:41:00,2026-01-18 19:42:00,Warsaw,2026-02-15,2026-02-19,4,1917,2000,80526,,,,,,,,78,,Any pool,"Gym,Spa",,,5,9,,ai,5053
100580,1457,2026-02-15 06:39:00,2026-02-15 06:44:00,Wroclaw,2026-02-20,2026-02-27,4,68,150,,,,,,,Kitchen,,98,,,Gym,,,1,1,,ai,5398
100581,1366,2026-05-11 11:53:00,2026-05-11 12:11:00,Wroclaw,2026-05-17,2026-05-22,1,150,939,,"Early check-in, Free cancellation, Late check-out",,,parking,,,Hide disliked rooms,0,"Babysitting, Child-friendly menu, Playground or Playroom",,"Gym, Sauna",Shuttle service,Coworking lounge,1,1,Historical building,manual,
100582,1198,2026-04-09 10:12:00,2026-04-09 10:13:00,Krakow,2026-04-17,2026-04-18,2,150,510,,,Breakfast,,parking,,Soundproof room,,99,,,Spa,,,1,10,,ai,6815
100583,1128,2026-03-23 11:51:00,,Paris,2026-03-27,2026-03-29,3,0,492,,,,"Towels for pets, Pet fee less than €20 per night, Additional pet services",,,"Daily housekeeping, Ski access & services, Kitchen","Hide disliked rooms, Hide no reacted offers, Hide liked offers",23,TV for kids,"Rooftop pool, Heated pool, Any pool",Sauna,Shuttle service,,3,1,Boutique hotel,manual,
100584,1056,2026-04-20 08:34:00,2026-04-20 08:35:00,Krakow,2026-05-09,2026-05-14,4,50,506,76208,,Breakfast,,parking,,Soundproof room,Hide disliked rooms,59,,,,,Coworking lounge,4,3,Multilingual staff,ai,5674
100585,1157,2026-05-20 03:30:00,,Warsaw,2026-05-24,2026-05-28,1,1925,2000,,,,Additional pet services,,,Beauty salon/services,Hide no reacted offers,91,,Any pool,"Gym,Spa",,,5,9,,ai,6973
100586,1369,2026-02-26 11:09:00,2026-02-26 11:11:00,Gdansk,2026-03-20,2026-03-26,3,100,829,,,,,,Accessible parking on-site,Beachfront,,89,"Family-friendly,Playground or Playroom",,,,,1,4,,ai,7619
100587,1029,2026-05-18 03:59:00,2026-05-18 04:04:00,Krakow,2026-05-28,2026-06-01,2,150,330,,Early check-in,Breakfast,,parking,Accessible room,Soundproof room,,95,Playground or Playroom,,,,,2,5,,ai,6181
100588,1275,2026-01-02 13:04:00,,Krakow,2026-01-09,2026-01-14,3,100,425,,,Breakfast,,parking,,Soundproof room,,0,,,,,,1,1,,ai,8152
100589,1060,2026-05-04 19:34:00,2026-05-04 19:36:00,Warsaw,2026-05-22,2026-05-29,2,1948,2000,78525,,,,,,,,27,Playground or Playroom,Any pool,"Gym,Spa",Shuttle service,,5,9,,ai,8301
100590,1164,2026-01-18 02:39:00,2026-01-18 02:56:00,Berlin,2026-02-15,2026-02-20,1,0,526,,"Early check-in, Free cancellation, Late check-out",,,parking,Step-free access,"Beach/pool towels, City view",,40,,"Heated pool, Rooftop pool",,,Coworking lounge,1,9,"Multilingual staff, Boutique hotel",manual,
100591,1113,2026-03-22 16:05:00,,Berlin,2026-04-05,2026-04-06,2,50,656,,,,"Up to 15kg pet allowed, Up to 20kg pet allowed",,,Beachfront,"Hide no reacted offers, Hide disliked rooms",60,,,Gym,Shuttle service,Coworking lounge,3,8,,manual,
100592,1385,2026-02-05 05:34:00,,Berlin,2026-03-06,2026-03-07,4,150,673,,,All meals,"Up to 15kg pet allowed, In-room pet station, Allows 2 pets",,Door width ≥ 80 cm,Extra bed available,,0,,"Indoor pool, Any pool",Sauna,Shuttle service,Coworking lounge,1,2,"Design hotel, English-speaking staff, Historical building",manual,
100593,1018,2026-03-08 17:00:00,2026-03-08 17:03:00,Warsaw,2026-03-16,2026-03-19,2,1921,2000,96354,,,,,,,,92,,Any pool,"Gym,Spa",,,5,9,,ai,7683
100594,1405,2026-03-12 04:39:00,2026-03-12 04:41:00,Warsaw,2026-03-29,2026-03-31,3,1928,2000,92221,,,,,,,,0,,Any pool,"Gym,Spa",,,5,9,,ai,5619
100595,1160,2026-03-09 08:11:00,2026-03-09 08:14:00,Krakow,2026-03-11,2026-03-14,3,0,201,85703,,Breakfast,,parking,,Soundproof room,,0,,,,,,4,9,,ai,6140
100596,1235,2026-01-08 22:19:00,,Prague,2026-01-25,2026-01-26,2,0,535,,"Free cancellation, Early check-in, Late check-out","All inclusive, Breakfast, Lunch",,parking,,,"Hide disliked rooms, Hide liked offers",97,Kids-friendly bathroom,,"Gym, Spa",,Coworking lounge,5,5,,manual,
100597,1028,2026-01-21 01:56:00,2026-01-21 01:59:00,Krakow,2026-02-19,2026-02-22,2,50,448,,,Breakfast,,parking,,Soundproof room,,12,,,,,,1,4,,ai,6207
100598,1215,2026-04-12 02:02:00,2026-04-12 02:04:00,Krakow,2026-05-05,2026-05-12,4,0,709,99035,,Breakfast,,parking,,Soundproof room,,0,,,Gym,,,1,1,,ai,6975
100599,1462,2026-03-25 16:13:00,2026-03-25 16:14:00,Krakow,2026-04-05,2026-04-06,4,150,527,,,Breakfast,,parking,,Soundproof room,,52,,Indoor pool,,,,5,1,,ai,8546
100600,1231,2026-02-10 07:10:00,,Gdansk,2026-02-18,2026-02-24,2,50,825,,,,,parking,,Beachfront,,20,"Family-friendly,Playground or Playroom",,,,,5,6,,ai,5892
100601,1049,2026-01-09 05:52:00,2026-01-09 05:55:00,Wroclaw,2026-01-26,2026-01-30,3,70,150,81451,,,,,,Kitchen,,0,Child-friendly menu,,Spa,,,5,2,,ai,8407
100602,1032,2026-05-06 01:35:00,2026-05-06 01:37:00,Gdansk,2026-05-10,2026-05-14,2,150,871,82173,,,,,,Beachfront,,56,"Family-friendly,Playground or Playroom",,,,Coworking lounge,2,1,,ai,6633
100603,1076,2026-03-27 14:10:00,,Krakow,2026-04-05,2026-04-07,1,150,757,,,Breakfast,,parking,,Soundproof room,,71,Family-friendly,,,,,3,5,,ai,5710
100604,1455,2026-05-14 17:19:00,,Krakow,2026-05-31,2026-06-05,2,150,923,,,Breakfast,,parking,,Soundproof room,,87,,,,,,1,10,,ai,6610
100605,1392,2026-03-08 19:43:00,2026-03-08 19:47:00,Wroclaw,2026-03-28,2026-04-04,3,89,150,,,,,,,Kitchen,,80,,,,Shuttle service,,1,1,,ai,8575
100606,1465,2026-05-06 15:23:00,2026-05-06 15:26:00,Warsaw,2026-06-02,2026-06-03,2,1916,2000,93594,,,,,,,,21,,Any pool,"Gym,Spa",,,5,9,,ai,7569
100607,1081,2026-03-27 23:34:00,,Gdansk,2026-03-29,2026-03-31,1,0,567,,,,,,,Beachfront,,55,"Family-friendly,Playground or Playroom",,,,,3,2,Historical building,ai,5546
100608,1118,2026-05-21 04:01:00,2026-05-21 04:03:00,Wroclaw,2026-05-29,2026-05-31,3,66,150,86071,Early check-in,,,,Hard flooring,Kitchen,,92,,,Spa,,,1,5,,ai,8185
100609,1243,2026-01-17 13:51:00,2026-01-17 14:04:00,Berlin,2026-02-03,2026-02-08,2,100,698,,"Early check-in, Late check-out",,"Cats allowed, Pet walking area nearby, Up to 10kg pet allowed",parking,Accessible bathroom,,"Hide no reacted offers, Hide disliked rooms",66,Safe balcony,"Outdoor pool, Indoor pool, Heated pool","Gym, Spa, Sauna",Shuttle service,Coworking lounge,4,1,,manual,
100610,1130,2026-02-21 19:48:00,2026-02-21 19:53:00,Krakow,2026-03-22,2026-03-25,2,0,198,,,Breakfast,,parking,,Soundproof room,,65,,,,,,1,2,,ai,6357
100611,1090,2026-05-07 16:42:00,2026-05-07 16:46:00,Warsaw,2026-05-25,2026-05-26,1,100,630,,,,All pets allowed,,,"Wi-fi,Work desk,King/Queen-size 150+cm width",,0,,,,,,5,8,,ai,8204
100612,1475,2026-04-03 10:37:00,2026-04-03 10:50:00,Krakow,2026-04-07,2026-04-13,3,50,621,81636,"Free cancellation, Early check-in, Late check-out",,"Towels for pets, In-room pet station",parking,,Private bathroom,"Hide disliked rooms, Hide liked offers",79,,"Heated pool, Indoor pool",Spa,,Coworking lounge,1,4,Dutch-speaking staff,manual,
100613,1330,2026-02-28 12:26:00,,Krakow,2026-03-14,2026-03-18,1,50,605,,,Breakfast,,parking,,Soundproof room,,0,,,,,Coworking lounge,5,6,,ai,7709
100614,1369,2026-03-22 20:44:00,,Wroclaw,2026-04-09,2026-04-10,4,87,150,,,,,,,Kitchen,,70,Safe balcony,Rooftop pool,,,,1,1,,ai,8805
100615,1096,2026-03-17 10:04:00,2026-03-17 10:07:00,Krakow,2026-04-09,2026-04-10,4,0,255,,,Breakfast,,parking,,Soundproof room,,21,,,,,,3,1,,ai,6189
100616,1153,2026-04-17 20:49:00,,Warsaw,2026-04-23,2026-04-30,3,0,620,,Early check-in,,Pets allowed in public areas,parking,Accessible public areas,,,26,,,"Gym, Sauna",,Coworking lounge,5,1,"Historical building, Multilingual staff",manual,
100617,1015,2026-02-13 04:15:00,2026-02-13 04:18:00,Warsaw,2026-03-14,2026-03-16,1,1946,2000,94305,,,,parking,,,,96,,Any pool,"Gym,Spa",,,5,9,,ai,8833
100618,1070,2026-02-22 07:29:00,2026-02-22 07:32:00,Krakow,2026-03-19,2026-03-22,3,100,819,,,Breakfast,,parking,,Soundproof room,,0,,,,,,1,9,,ai,6583
100619,1146,2026-04-07 00:01:00,2026-04-07 00:02:00,Wroclaw,2026-04-17,2026-04-18,5,72,150,93953,,,,,,Kitchen,,23,,,,,Coworking lounge,1,5,,ai,5859
100620,1305,2026-01-18 19:01:00,2026-01-18 19:05:00,Krakow,2026-01-21,2026-01-27,2,100,428,,,Breakfast,,parking,,Soundproof room,,49,,,,,,3,10,,ai,7947
100621,1258,2026-02-12 16:47:00,,Wroclaw,2026-03-07,2026-03-12,4,77,150,,Early check-in,,,,,Kitchen,,33,,,,,Coworking lounge,1,9,,ai,6716
100622,1323,2026-05-17 06:01:00,2026-05-17 06:25:00,Krakow,2026-06-05,2026-06-11,4,150,848,,"Free cancellation, Early check-in",,"20+ kg pet allowed, Additional pet services, Pet fee less than €20 per night",,"Accessible room, Door width ≥ 80 cm","Adults only, Bars and lounges (including poolside bar)",,54,"Family-friendly, Child-friendly menu","Rooftop pool, Heated pool",Sauna,Shuttle service,Coworking lounge,4,1,,manual,
100623,1336,2026-05-06 14:18:00,2026-05-06 14:19:00,Warsaw,2026-05-21,2026-05-22,3,1933,2000,76209,,,,,Accessible bed height,,,0,Family-friendly,Any pool,"Gym,Spa",,,5,9,,ai,8261
100624,1386,2026-03-25 18:26:00,2026-03-25 18:30:00,Wroclaw,2026-04-08,2026-04-11,4,60,150,83686,,,,,,Kitchen,,0,,,,,,5,9,,ai,6252
100625,1245,2026-02-24 14:33:00,,Krakow,2026-02-26,2026-02-27,2,0,760,,,Breakfast,,parking,,Soundproof room,,0,,,,,Coworking lounge,5,9,,ai,8146
100626,1286,2026-02-22 08:14:00,,Wroclaw,2026-03-09,2026-03-15,4,86,150,,,,,,,Kitchen,,20,,,,,,4,1,,ai,6352
100627,1082,2026-02-25 13:28:00,2026-02-25 13:29:00,Warsaw,2026-03-08,2026-03-15,4,150,940,92672,,,All pets allowed,,,"Wi-fi,Work desk,King/Queen-size 150+cm width",,54,,,,,,5,1,,ai,8094
100628,1143,2026-04-14 00:53:00,2026-04-14 00:55:00,Warsaw,2026-04-23,2026-04-27,2,1903,2000,,,,,,,,,0,,Any pool,"Gym,Spa",,,5,9,Dutch-speaking staff,ai,8299
100629,1403,2026-01-26 19:20:00,2026-01-26 19:26:00,Warsaw,2026-02-20,2026-02-21,2,100,750,,"Early check-in, Late check-out","Dinner, Lunch, Breakfast",Unattended pets allowed,parking,,"24/7 kitchen access, Grab-and-go snacks (snack bar or vending machines), Private beach area","Hide liked offers, Hide no reacted offers",95,,"Rooftop pool, Heated pool","Spa, Gym",,Coworking lounge,2,3,"Design hotel, English-speaking staff, Multilingual staff",manual,
100630,1438,2026-05-09 05:44:00,2026-05-09 05:49:00,Warsaw,2026-05-24,2026-05-28,4,1902,2000,,,,,,,,,0,,Any pool,"Gym,Spa",,,5,9,,ai,7938
100631,1335,2026-02-23 01:23:00,2026-02-23 01:26:00,Warsaw,2026-02-28,2026-03-03,4,1925,2000,95612,,,,parking,,,,14,,Any pool,"Gym,Spa",,,5,9,Design hotel,ai,5658
100632,1182,2026-02-02 23:30:00,,Krakow,2026-02-27,2026-03-04,3,100,526,,,Breakfast,,parking,,Soundproof room,Hide liked offers,63,,,,,,2,7,,ai,8746
100633,1041,2026-04-19 23:38:00,2026-04-19 23:57:00,Krakow,2026-04-27,2026-05-04,3,50,829,95241,,"All meals, Lunch, Breakfast",,parking,"Accessible property, Accessible public areas","Smoke-free property, Library",,71,Family-friendly,,,,Coworking lounge,1,1,Design hotel,manual,
100634,1032,2026-01-14 13:53:00,2026-01-14 13:55:00,Warsaw,2026-02-03,2026-02-08,4,1945,2000,81920,,,,parking,,,,0,,Any pool,"Gym,Spa",,,5,9,,ai,5132
100635,1197,2026-01-29 19:50:00,2026-01-29 19:58:00,Paris,2026-02-27,2026-03-04,1,100,528,83909,Early check-in,"Breakfast, Lunch, All meals",,,"Accessible public areas, Hard flooring, Accessible bed height",Meeting/Conference facilities,Hide liked offers,0,Child-friendly menu,Rooftop pool,,Shuttle service,Coworking lounge,5,1,Multilingual staff,manual,
100636,1131,2026-03-13 05:14:00,,Krakow,2026-04-11,2026-04-13,1,100,297,,,Breakfast,,parking,,Soundproof room,,55,,,,,Coworking lounge,2,1,,ai,6830
100637,1021,2026-05-01 13:34:00,,Prague,2026-05-26,2026-05-31,1,150,359,,,Lunch,,parking,"Door width ≥ 80 cm, Wheelchair-accessible elevator, Accessible bed height","Water sports facilities, Laundry facilities/services","Hide liked offers, Hide no reacted offers",57,Safe balcony,"Outdoor pool, Any pool",,,,3,1,Design hotel,manual,
100638,1194,2026-02-23 09:29:00,2026-02-23 09:30:00,Warsaw,2026-03-08,2026-03-11,3,1923,2000,79556,,,,,,,Hide no reacted offers,20,,Any pool,"Gym,Spa",,,5,9,,ai,7725
100639,1359,2026-05-13 11:15:00,2026-05-13 11:16:00,Warsaw,2026-06-03,2026-06-07,4,1912,2000,,,,,,,,,73,,Any pool,"Gym,Spa",,,5,9,,ai,7044
100640,1081,2026-02-11 22:37:00,,Warsaw,2026-03-07,2026-03-08,1,1933,2000,,,Lunch,,,,,,27,,Any pool,"Gym,Spa",,,5,9,,ai,7940
100641,1160,2026-01-18 15:28:00,2026-01-18 15:39:00,Krakow,2026-01-22,2026-01-28,2,150,947,89552,Free cancellation,Breakfast,,parking,"Step-free access, Hard flooring, Accessible bed height","Coffee/Tea maker, Microwave, Naturist-friendly","Hide no reacted offers, Hide liked offers, Hide disliked rooms",0,Safe balcony,Any pool,"Spa, Sauna, Gym",Shuttle service,Coworking lounge,4,1,,manual,
100642,1185,2026-02-13 18:06:00,2026-02-13 18:11:00,Krakow,2026-03-07,2026-03-13,4,0,522,89365,,Breakfast,,parking,,Soundproof room,,40,,,,,,5,3,,ai,5765
100643,1215,2026-03-24 16:06:00,2026-03-24 16:10:00,Warsaw,2026-04-06,2026-04-13,2,1930,2000,89393,,,,,,,,93,,Any pool,"Gym,Spa",,,5,9,,ai,6625
100644,1335,2026-02-09 11:14:00,2026-02-09 11:19:00,Warsaw,2026-03-01,2026-03-03,4,1904,2000,,,,,,Accessible room,,,58,,Any pool,"Gym,Spa",Shuttle service,,5,9,,ai,6233
100645,1069,2026-03-19 22:26:00,2026-03-19 22:42:00,Paris,2026-04-05,2026-04-12,4,0,545,,Free cancellation,"All meals, Breakfast, Lunch",20+ kg pet allowed,,Accessible bed height,Meeting/Conference facilities,"Hide liked offers, Hide disliked rooms, Hide no reacted offers",86,,Any pool,Gym,,,3,7,,manual,
100646,1176,2026-03-31 17:57:00,2026-03-31 18:01:00,Gdansk,2026-04-02,2026-04-07,2,50,382,89053,,,,,,Beachfront,,0,"Family-friendly,Playground or Playroom",,Sauna,,,1,7,,ai,8062
100647,1044,2026-04-11 15:52:00,,Krakow,2026-05-06,2026-05-11,1,50,616,,,Breakfast,,parking,,Soundproof room,,16,,,,,,1,1,,ai,6400
100648,1476,2026-04-06 10:20:00,2026-04-06 10:35:00,Gdansk,2026-04-12,2026-04-19,4,150,725,93278,"Late check-out, Free cancellation","Dinner, Lunch, All meals",Allows 3+ pets,parking,,"Self check-in, Game room/arcade","Hide liked offers, Hide no reacted offers, Hide disliked rooms",56,"Safe balcony, Child-friendly menu","Outdoor pool, Heated pool, Any pool","Sauna, Spa, Gym",,Coworking lounge,1,1,,manual,
100649,1386,2026-03-19 15:43:00,2026-03-19 15:46:00,Wroclaw,2026-04-09,2026-04-10,5,56,150,,,,All pets allowed,,,Kitchen,,34,,,,,,1,1,,ai,8126
100650,1383,2026-02-06 09:43:00,2026-02-06 09:48:00,Krakow,2026-03-07,2026-03-11,1,100,760,81783,,Breakfast,,parking,,Soundproof room,Hide no reacted offers,84,,,,,,1,3,,ai,8067
100651,1303,2026-02-06 22:30:00,2026-02-06 22:40:00,Gdansk,2026-02-22,2026-02-23,1,150,744,82343,,,"Allows 3 pets, Allows 2 pets, Up to 15kg pet allowed",parking,"Accessible public areas, Accessible bed height",,,45,,,,Shuttle service,,1,10,,manual,
100652,1473,2026-02-13 15:40:00,2026-02-13 15:43:00,Warsaw,2026-02-27,2026-03-05,4,100,584,91782,,,All pets allowed,,,"Wi-fi,Work desk,King/Queen-size 150+cm width",,15,,,,,,5,6,,ai,8794
100653,1111,2026-05-01 01:09:00,,Wroclaw,2026-05-04,2026-05-10,1,100,468,,"Late check-out, Early check-in, Free cancellation","Breakfast, Lunch","Allows 3+ pets, Towels for pets",parking,"Accessible public areas, Hard flooring",,"Hide liked offers, Hide no reacted offers, Hide disliked rooms",0,"Entertainment for kids, Safe balcony, Kids-friendly bathroom","Any pool, Outdoor pool, Indoor pool","Sauna, Gym, Spa",Shuttle service,Coworking lounge,3,5,,manual,
100654,1374,2026-02-14 06:03:00,2026-02-14 06:23:00,Prague,2026-02-17,2026-02-20,2,50,471,81173,Free cancellation,,,parking,,,,72,"Entertainment for kids, Playground or Playroom, Babysitting",,"Sauna, Spa",,,3,1,Historical building,manual,
100655,1429,2026-04-03 11:46:00,2026-04-03 11:50:00,Gdansk,2026-04-11,2026-04-17,2,100,349,84695,,,,,,Beachfront,,53,"Family-friendly,Playground or Playroom",,Spa,,,5,3,,ai,7498
100656,1323,2026-04-15 01:53:00,,Krakow,2026-04-25,2026-05-01,1,100,463,,,,Additional pet services,parking,,,,93,"Babysitting, TV for kids, Playground or Playroom","Any pool, Heated pool, Outdoor pool","Gym, Sauna",Shuttle service,Coworking lounge,1,1,,manual,
100657,1127,2026-01-31 17:25:00,,Warsaw,2026-03-01,2026-03-05,4,0,202,,,,All pets allowed,,,"Wi-fi,Work desk,King/Queen-size 150+cm width",,31,,,,,,2,10,,ai,7708
100658,1351,2026-03-06 11:06:00,,Paris,2026-03-20,2026-03-22,4,150,905,,,"All inclusive, All meals, Lunch",,,"Step-free access, Accessible bed height","Currency exchange, Private entrance, Water park access",,78,"Playground or Playroom, Family-friendly","Heated pool, Outdoor pool, Rooftop pool",,Shuttle service,Coworking lounge,5,5,Boutique hotel,manual,
100659,1470,2026-03-13 11:18:00,2026-03-13 11:31:00,Paris,2026-03-25,2026-03-27,4,0,664,94500,"Free cancellation, Late check-out",,,,,,"Hide liked offers, Hide no reacted offers, Hide disliked rooms",14,"Playground or Playroom, Babysitting, TV for kids",,Sauna,,Coworking lounge,2,5,,manual,
100660,1322,2026-01-03 12:36:00,2026-01-03 12:42:00,Berlin,2026-01-05,2026-01-10,4,100,607,,"Free cancellation, Early check-in",,"Up to 20kg pet allowed, In-room pet station",parking,,"Beach/pool towels, Library","Hide disliked rooms, Hide no reacted offers",36,Entertainment for kids,,"Gym, Sauna",,,3,1,Boutique hotel,manual,
100661,1190,2026-01-26 21:50:00,2026-01-26 22:12:00,Paris,2026-02-15,2026-02-16,3,100,511,75374,"Free cancellation, Late check-out","Lunch, Breakfast",,,Accessible property,"Concierge services, On-site shops","Hide liked offers, Hide disliked rooms, Hide no reacted offers",0,"Kids-friendly bathroom, Safe balcony, TV for kids","Any pool, Heated pool, Rooftop pool",,Shuttle service,Coworking lounge,1,1,"Historical building, Multilingual staff",manual,
100662,1464,2026-01-21 17:51:00,2026-01-21 17:56:00,Warsaw,2026-01-23,2026-01-24,1,1923,2000,97951,,,,,Door width ≥ 80 cm,,,14,,Any pool,"Gym,Spa",,,5,9,,ai,7326
100663,1255,2026-04-23 22:07:00,,Gdansk,2026-05-15,2026-05-18,1,50,372,,Free cancellation,"All inclusive, Lunch, Dinner",Up to 10kg pet allowed,parking,,,"Hide no reacted offers, Hide disliked rooms, Hide liked offers",50,"Safe balcony, Babysitting","Indoor pool, Rooftop pool, Heated pool","Gym, Spa",Shuttle service,,5,9,,manual,
100664,1338,2026-02-25 16:45:00,2026-02-25 16:55:00,Prague,2026-02-27,2026-03-01,2,100,612,81770,"Late check-out, Early check-in",,"Pets welcome in the restaurant, Allows 3+ pets, Cats allowed",,,"Tour/ticket assistance, Indoor fireplace",,0,,Heated pool,,,Coworking lounge,1,1,"Boutique hotel, Dutch-speaking staff, Historical building",manual,
100665,1306,2026-04-23 15:14:00,2026-04-23 15:34:00,Berlin,2026-05-02,2026-05-05,2,50,822,,Late check-out,Lunch,"Muzzle not required, Allows 2 pets, Dogs allowed",parking,,Indoor fireplace,,20,"Child-friendly menu, Playground or Playroom",Indoor pool,Gym,Shuttle service,,2,1,,manual,
100666,1345,2026-01-23 17:18:00,,Gdansk,2026-02-17,2026-02-20,1,0,210,,,,,,,Beachfront,,42,"Family-friendly,Playground or Playroom",,,,,1,1,,ai,5583
100667,1182,2026-03-22 08:21:00,2026-03-22 08:26:00,Warsaw,2026-04-11,2026-04-14,3,100,510,99300,,,All pets allowed,,,"Wi-fi,Work desk,King/Queen-size 150+cm width",,24,,,,,,2,2,,ai,6416
100668,1494,2026-04-13 23:10:00,2026-04-13 23:32:00,Krakow,2026-05-01,2026-05-02,4,50,227,,"Late check-out, Free cancellation",,,,,Table tennis,,0,,Rooftop pool,,,,1,8,"Boutique hotel, Dutch-speaking staff, English-speaking staff",manual,
100669,1302,2026-05-03 16:08:00,,Warsaw,2026-05-19,2026-05-26,2,1910,2000,,,,,,,,,29,Playground or Playroom,Any pool,"Gym,Spa",,,5,9,,ai,7390
100670,1323,2026-02-17 04:48:00,2026-02-17 04:49:00,Warsaw,2026-02-22,2026-02-27,2,100,545,,,,All pets allowed,,Accessible public areas,"Wi-fi,Work desk,King/Queen-size 150+cm width",,16,,,,,,3,4,,ai,5005
100671,1110,2026-04-25 05:21:00,2026-04-25 05:44:00,Gdansk,2026-05-12,2026-05-15,3,100,403,,"Late check-out, Early check-in, Free cancellation",,"Up to 20kg pet allowed, Muzzle not required",,,"Work desk, VIP room amenities",,0,"Kids-friendly bathroom, Child-friendly menu, Family-friendly","Heated pool, Any pool",,Shuttle service,Coworking lounge,1,6,English-speaking staff,manual,
100672,1430,2026-04-29 00:30:00,2026-04-29 00:35:00,Krakow,2026-05-06,2026-05-11,1,0,674,99532,,Breakfast,,parking,,Soundproof room,,70,,,,,,1,10,,ai,7484
100673,1082,2026-02-09 18:45:00,2026-02-09 18:49:00,Krakow,2026-02-12,2026-02-16,2,0,755,,,Breakfast,,parking,,Soundproof room,,68,,Indoor pool,,,,4,1,,ai,8227
100674,1328,2026-04-30 00:34:00,2026-04-30 00:43:00,Krakow,2026-05-10,2026-05-15,4,100,888,,"Early check-in, Free cancellation","Lunch, Breakfast",,parking,,Real double bed (not 2 twins pushed together),,0,"Safe balcony, Playground or Playroom","Outdoor pool, Indoor pool","Spa, Gym, Sauna",,Coworking lounge,2,1,Design hotel,manual,
100675,1012,2026-03-17 22:49:00,,Krakow,2026-04-11,2026-04-14,4,50,614,,,Breakfast,,parking,,Soundproof room,,21,,,Sauna,,,1,1,,ai,5959
100676,1239,2026-02-04 11:34:00,2026-02-04 11:56:00,Berlin,2026-02-26,2026-02-28,4,150,608,,"Late check-out, Early check-in",All inclusive,Unattended pets allowed,parking,"Accessible bed height, Accessible parking on-site, Spacious room layout",,,16,"Entertainment for kids, Child-friendly menu",,Sauna,,Coworking lounge,3,2,"Design hotel, Boutique hotel, Multilingual staff",manual,
100677,1381,2026-01-09 09:40:00,2026-01-09 09:43:00,Krakow,2026-01-30,2026-02-03,2,100,692,83757,,Breakfast,,parking,,Soundproof room,,13,Child-friendly menu,,Sauna,,,3,5,,ai,5779
100678,1234,2026-01-08 14:13:00,,Berlin,2026-01-16,2026-01-22,3,150,894,,,"Breakfast, All inclusive",,parking,Spacious room layout,,Hide liked offers,82,"Babysitting, Playground or Playroom","Indoor pool, Heated pool, Any pool",Spa,Shuttle service,Coworking lounge,5,6,Boutique hotel,manual,
100679,1142,2026-04-19 07:56:00,2026-04-19 08:01:00,Warsaw,2026-05-15,2026-05-18,4,50,463,,,,All pets allowed,,,"Wi-fi,Work desk,King/Queen-size 150+cm width",,90,,,,,,1,1,Design hotel,ai,5578
100680,1428,2026-01-04 21:23:00,,Warsaw,2026-01-20,2026-01-21,3,0,708,,,,All pets allowed,,,"Wi-fi,Work desk,King/Queen-size 150+cm width",,15,,,,,,1,1,,ai,5632
100681,1290,2026-03-10 16:35:00,,Wroclaw,2026-03-16,2026-03-21,5,75,150,,,,,,,Kitchen,,15,,,,,,1,1,,ai,6751
100682,1198,2026-03-02 10:06:00,2026-03-02 10:30:00,Prague,2026-03-27,2026-03-29,1,100,490,,,,"Additional pet services, Cats allowed",parking,,,Hide no reacted offers,0,,Any pool,"Sauna, Gym, Spa",,Coworking lounge,3,6,Dutch-speaking staff,manual,
100683,1282,2026-04-10 07:49:00,,Berlin,2026-04-15,2026-04-17,2,100,801,,,,"All pets allowed, Muzzle not required",,"Wheelchair-accessible elevator, Hard flooring, Accessible property",Beachfront,,20,Child-friendly menu,,"Gym, Sauna, Spa",Shuttle service,,1,1,Design hotel,manual,
100684,1395,2026-01-14 03:17:00,2026-01-14 03:37:00,Wroclaw,2026-01-25,2026-01-30,1,100,252,,,Breakfast,Allows 3+ pets,parking,"Wheelchair-accessible elevator, Accessible property",,,84,"Kids-friendly bathroom, Playground or Playroom, Safe balcony","Rooftop pool, Indoor pool",,,Coworking lounge,5,2,"Dutch-speaking staff, Multilingual staff",manual,
100685,1437,2026-02-12 19:08:00,2026-02-12 19:13:00,Krakow,2026-02-20,2026-02-25,3,0,190,92440,,Breakfast,,parking,,Soundproof room,,71,,,Sauna,,,1,1,,ai,8663
100686,1186,2026-01-06 05:45:00,2026-01-06 05:50:00,Gdansk,2026-01-21,2026-01-26,1,100,725,,"Late check-out, Early check-in","All meals, Lunch","No pet deposit, No pet vaccination required",parking,,Adults only,,63,,,Sauna,Shuttle service,,1,1,Boutique hotel,manual,
100687,1321,2026-05-13 07:08:00,2026-05-13 07:13:00,Gdansk,2026-05-15,2026-05-18,4,100,455,95728,,,,,,Beachfront,Hide liked offers,0,"Family-friendly,Playground or Playroom",,,,,2,4,,ai,7984
100688,1365,2026-01-14 22:52:00,2026-01-14 22:56:00,Warsaw,2026-01-30,2026-02-02,3,0,369,,,,All pets allowed,,Door width ≥ 80 cm,"Wi-fi,Work desk,King/Queen-size 150+cm width",,60,,,,,,4,1,,ai,7687
100689,1123,2026-01-26 12:42:00,2026-01-26 13:05:00,Prague,2026-02-17,2026-02-18,3,50,639,97357,,,"No pet deposit, Cats allowed, Up to 10kg pet allowed",parking,,"Beach/pool towels, Bedside reading lights",,28,Safe balcony,"Any pool, Indoor pool",,Shuttle service,Coworking lounge,4,1,"Historical building, Dutch-speaking staff, Multilingual staff",manual,
100690,1110,2026-02-27 19:46:00,,Warsaw,2026-03-08,2026-03-11,1,100,426,,,,All pets allowed,,,"Wi-fi,Work desk,King/Queen-size 150+cm width",,85,,,,,,3,1,,ai,6121
100691,1227,2026-02-16 20:30:00,2026-02-16 20:31:00,Wroclaw,2026-03-14,2026-03-19,5,96,150,,,,,,,Kitchen,,0,,,,,,1,1,,ai,6432
100692,1417,2026-03-11 04:48:00,2026-03-11 04:58:00,Berlin,2026-03-23,2026-03-24,1,100,526,89161,,All inclusive,,parking,,"Beach/pool towels, Air conditioning",,49,"Playground or Playroom, Kids-friendly bathroom","Rooftop pool, Indoor pool",Spa,Shuttle service,,1,5,Multilingual staff,manual,
100693,1336,2026-03-08 23:51:00,2026-03-09 00:02:00,Warsaw,2026-03-28,2026-04-04,4,100,863,,"Early check-in, Free cancellation, Late check-out",Breakfast,"Toys for pets, Unattended pets allowed",parking,Accessible public areas,,,44,,,"Spa, Sauna",,,5,7,,manual,
100694,1490,2026-03-25 08:59:00,2026-03-25 09:08:00,Wroclaw,2026-04-24,2026-04-27,3,50,354,84351,,,"Dogs allowed, Pet fee less than €20 per night, Towels for pets",,Wheelchair-accessible elevator,,,0,,Rooftop pool,"Spa, Gym, Sauna",,Coworking lounge,4,1,,manual,
100695,1124,2026-05-06 11:06:00,2026-05-06 11:07:00,Wroclaw,2026-06-01,2026-06-08,3,76,150,88888,,,,,,Kitchen,,0,,,,,,5,2,,ai,6926
100696,1262,2026-03-17 11:03:00,2026-03-17 11:12:00,Wroclaw,2026-04-11,2026-04-18,4,0,493,,,Lunch,,,,,Hide disliked rooms,0,"Safe balcony, Kids-friendly bathroom","Indoor pool, Rooftop pool, Any pool",,,,4,1,,manual,
100697,1412,2026-01-19 07:16:00,2026-01-19 07:17:00,Warsaw,2026-02-02,2026-02-04,3,1919,2000,80093,,,,,,,,0,Babysitting,Any pool,"Gym,Spa",,,5,9,,ai,7735
100698,1234,2026-05-18 09:55:00,2026-05-18 09:56:00,Krakow,2026-06-02,2026-06-08,4,150,679,78799,Late check-out,Breakfast,,parking,,Soundproof room,,33,,,,Shuttle service,,3,1,,ai,8283
100699,1025,2026-03-06 19:31:00,2026-03-06 19:32:00,Wroclaw,2026-03-18,2026-03-25,3,89,150,82912,,,,,Accessible bathroom,Kitchen,,30,,,,,Coworking lounge,1,3,,ai,6425
100700,1466,2026-02-10 17:46:00,2026-02-10 18:05:00,Paris,2026-02-13,2026-02-17,1,150,823,80439,"Free cancellation, Early check-in, Late check-out","All meals, Lunch","Allows 3+ pets, Pet fee less than €20 per night, Pet walking area nearby",,,"Mountain view, Work desk","Hide liked offers, Hide disliked rooms",40,,Outdoor pool,Gym,,Coworking lounge,3,3,,manual,
100701,1436,2026-03-27 20:21:00,2026-03-27 20:36:00,Warsaw,2026-04-16,2026-04-19,1,100,715,80323,Free cancellation,"Dinner, All meals","No pet vaccination required, Pet walking area nearby",,,,"Hide disliked rooms, Hide liked offers, Hide no reacted offers",43,Babysitting,Heated pool,"Spa, Gym",Shuttle service,,5,3,,manual,
100702,1277,2026-05-22 02:51:00,2026-05-22 02:56:00,Krakow,2026-05-26,2026-05-29,2,50,377,81835,,Breakfast,,parking,,Soundproof room,,100,,,,,,2,7,,ai,7925
100703,1371,2026-02-07 16:06:00,,Warsaw,2026-02-12,2026-02-18,2,50,795,,,,All pets allowed,,,"Wi-fi,Work desk,King/Queen-size 150+cm width",,72,,Heated pool,,,,1,1,,ai,7625
100704,1205,2026-05-10 00:08:00,2026-05-10 00:13:00,Warsaw,2026-05-31,2026-06-06,2,100,385,92616,,,All pets allowed,,,"Wi-fi,Work desk,King/Queen-size 150+cm width",,0,,,,,,4,1,,ai,8247
100705,1261,2026-01-11 07:04:00,,Wroclaw,2026-02-03,2026-02-05,5,62,150,,,,,,,Kitchen,,0,,,,,,3,8,,ai,5840
100706,1339,2026-01-09 12:54:00,2026-01-09 12:55:00,Warsaw,2026-01-30,2026-02-04,3,1921,2000,99935,,,,,,,,32,Babysitting,Any pool,"Gym,Spa",,,5,9,,ai,5388
100707,1161,2026-01-05 10:40:00,2026-01-05 10:41:00,Warsaw,2026-01-22,2026-01-24,4,1933,2000,90934,,,,,,,,87,,Any pool,"Gym,Spa",,,5,9,Design hotel,ai,6236
100708,1286,2026-05-10 22:47:00,2026-05-10 22:52:00,Warsaw,2026-06-05,2026-06-10,4,1916,2000,,,,,,,,,55,,Any pool,"Gym,Spa",,,5,9,,ai,5880
100709,1032,2026-04-24 20:08:00,2026-04-24 20:11:00,Warsaw,2026-05-03,2026-05-07,3,1948,2000,85287,,,,,,,,52,,Any pool,"Gym,Spa",,,5,9,,ai,5177
100710,1249,2026-01-07 08:53:00,2026-01-07 09:03:00,Warsaw,2026-02-05,2026-02-10,2,100,882,92555,,Dinner,All pets allowed,parking,"Accessible parking on-site, Step-free access, Accessible public areas",,Hide no reacted offers,0,,Any pool,"Spa, Gym",,Coworking lounge,1,1,"Boutique hotel, Dutch-speaking staff",manual,
100711,1068,2026-04-24 21:35:00,,Gdansk,2026-05-07,2026-05-13,1,50,777,,Free cancellation,"All inclusive, Breakfast, Lunch",,parking,"Accessible parking on-site, Spacious room layout",,"Hide disliked rooms, Hide liked offers",69,"TV for kids, Entertainment for kids, Child-friendly menu","Outdoor pool, Any pool",Gym,Shuttle service,Coworking lounge,5,2,Historical building,manual,
100712,1104,2026-01-09 01:22:00,2026-01-09 01:26:00,Warsaw,2026-01-18,2026-01-23,2,1950,2000,83276,,,,,,,,62,,Any pool,"Gym,Spa",Shuttle service,Coworking lounge,5,9,,ai,7717
100713,1097,2026-02-28 08:08:00,2026-02-28 08:10:00,Krakow,2026-03-24,2026-03-31,2,0,736,83832,,Breakfast,,parking,,Soundproof room,,53,,,,,,1,1,,ai,5698
100714,1152,2026-04-05 21:14:00,2026-04-05 21:17:00,Warsaw,2026-04-17,2026-04-23,4,150,635,,,,All pets allowed,,,"Wi-fi,Work desk,King/Queen-size 150+cm width",,75,,,,,,2,6,,ai,8679
100715,1005,2026-04-24 18:52:00,,Warsaw,2026-05-17,2026-05-18,3,100,307,,"Late check-out, Free cancellation","Dinner, Breakfast, All meals",,parking,,,"Hide no reacted offers, Hide disliked rooms, Hide liked offers",89,"Entertainment for kids, Child-friendly menu, Playground or Playroom","Rooftop pool, Outdoor pool, Any pool",Gym,Shuttle service,Coworking lounge,3,4,,manual,
100716,1084,2026-05-01 18:53:00,2026-05-01 18:55:00,Gdansk,2026-05-12,2026-05-19,2,50,691,75537,,,,,Door width ≥ 80 cm,Beachfront,,42,"Family-friendly,Playground or Playroom",,,,,1,9,,ai,5057
100717,1448,2026-03-30 15:46:00,,Krakow,2026-04-07,2026-04-13,4,50,465,,"Early check-in, Late check-out",All inclusive,"Allows 2 pets, No pet vaccination required",parking,"Spacious room layout, Accessible room, Wheelchair-accessible elevator","Mini golf, Coffee/Tea maker",,0,TV for kids,,"Sauna, Gym",Shuttle service,Coworking lounge,2,1,"English-speaking staff, Dutch-speaking staff, Multilingual staff",manual,
100718,1206,2026-05-06 03:44:00,2026-05-06 03:47:00,Wroclaw,2026-05-16,2026-05-19,3,64,150,,,,,,,Kitchen,,0,,,,,,3,7,,ai,7145
100719,1293,2026-01-18 00:46:00,,Warsaw,2026-01-31,2026-02-07,1,50,416,,,,All pets allowed,,,"Wi-fi,Work desk,King/Queen-size 150+cm width",,75,,,,Shuttle service,,1,10,,ai,7474
100720,1141,2026-04-25 13:04:00,2026-04-25 13:07:00,Gdansk,2026-05-12,2026-05-13,4,50,599,84844,,,,,,Beachfront,,0,"Family-friendly,Playground or Playroom",,,,,1,9,,ai,7082
100721,1366,2026-02-19 22:16:00,,Prague,2026-02-23,2026-02-26,1,50,813,,,"All inclusive, Dinner","Up to 15kg pet allowed, Unattended pets allowed",,Accessible bathroom,,"Hide no reacted offers, Hide liked offers",0,"Kids-friendly bathroom, Family-friendly","Any pool, Rooftop pool, Outdoor pool","Sauna, Spa, Gym",Shuttle service,Coworking lounge,4,9,,manual,
100722,1352,2026-01-07 04:56:00,,Warsaw,2026-01-17,2026-01-20,2,150,470,,,,All pets allowed,,,"Wi-fi,Work desk,King/Queen-size 150+cm width",,77,,,,,,1,1,,ai,8173
100723,1030,2026-03-02 07:01:00,2026-03-02 07:13:00,Gdansk,2026-03-27,2026-03-28,2,0,276,,,All meals,,parking,Hard flooring,,,76,Safe balcony,,"Gym, Spa",Shuttle service,,1,10,,manual,
100724,1037,2026-02-09 23:42:00,2026-02-09 23:44:00,Krakow,2026-02-20,2026-02-22,2,150,602,75226,,Breakfast,,parking,,Soundproof room,,0,Family-friendly,,,,Coworking lounge,1,1,,ai,6263
100725,1363,2026-01-03 08:06:00,2026-01-03 08:11:00,Krakow,2026-01-30,2026-02-01,1,50,664,,,Breakfast,,parking,,Soundproof room,,13,,,,,,2,10,,ai,7969
100726,1266,2026-01-28 15:41:00,2026-01-28 15:59:00,Warsaw,2026-02-01,2026-02-08,2,0,777,82939,"Free cancellation, Early check-in","Breakfast, All meals, Dinner",,,,"Meeting/Conference facilities, Business center, Terrace/Patio",,0,"Playground or Playroom, Safe balcony","Outdoor pool, Rooftop pool, Any pool","Sauna, Spa, Gym",Shuttle service,,1,1,"Multilingual staff, Design hotel",manual,
100727,1448,2026-03-07 21:17:00,,Warsaw,2026-03-12,2026-03-14,4,100,480,,,"Dinner, All meals","All pets allowed, No pet deposit",parking,Wheelchair-accessible elevator,,,81,,,"Gym, Sauna, Spa",Shuttle service,Coworking lounge,1,9,,manual,
100728,1337,2026-05-22 08:30:00,,Gdansk,2026-06-16,2026-06-19,2,150,557,,,,,,,Beachfront,,0,"Family-friendly,Playground or Playroom",,,,,1,6,Dutch-speaking staff,ai,7065
100729,1438,2026-03-14 22:51:00,2026-03-14 22:55:00,Wroclaw,2026-03-26,2026-03-28,5,80,150,,,,,,,Kitchen,,0,,,,,,1,1,,ai,6577
100730,1078,2026-05-02 23:22:00,2026-05-02 23:43:00,Prague,2026-05-27,2026-06-02,1,100,772,,"Late check-out, Early check-in","All inclusive, All meals, Lunch",No pet vaccination required,parking,"Step-free access, Accessible public areas","Safe for toddlers and kids, Laundry facilities/services, Smoke-free property","Hide liked offers, Hide disliked rooms",32,,"Outdoor pool, Any pool, Rooftop pool","Spa, Sauna, Gym",Shuttle service,Coworking lounge,2,1,"Boutique hotel, Dutch-speaking staff, Design hotel",manual,
100731,1099,2026-03-06 08:11:00,2026-03-06 08:17:00,Berlin,2026-03-19,2026-03-20,1,150,561,,"Early check-in, Free cancellation",Lunch,,,Accessible room,"Bedside reading lights, Naturist-friendly","Hide liked offers, Hide disliked rooms",0,,"Indoor pool, Heated pool, Any pool","Gym, Sauna",,,5,3,"Historical building, Design hotel, Multilingual staff",manual,
100732,1444,2026-01-10 07:15:00,2026-01-10 07:23:00,Warsaw,2026-01-13,2026-01-20,4,0,339,92180,"Free cancellation, Early check-in",Lunch,,,,,"Hide liked offers, Hide disliked rooms",0,"TV for kids, Child-friendly menu, Safe balcony",Outdoor pool,"Gym, Spa, Sauna",Shuttle service,Coworking lounge,1,1,Design hotel,manual,
100733,1310,2026-05-10 04:09:00,2026-05-10 04:11:00,Gdansk,2026-05-29,2026-05-30,2,50,633,,,,,,,Beachfront,,91,"Family-friendly,Playground or Playroom",Indoor pool,,Shuttle service,,1,10,,ai,6305
100734,1439,2026-03-04 12:38:00,,Prague,2026-03-19,2026-03-20,4,100,720,,"Early check-in, Late check-out, Free cancellation","Breakfast, All inclusive, All meals",,parking,Door width ≥ 80 cm,,"Hide liked offers, Hide disliked rooms",0,,,"Gym, Spa",Shuttle service,Coworking lounge,3,5,"English-speaking staff, Dutch-speaking staff, Historical building",manual,
100735,1225,2026-04-21 05:59:00,,Gdansk,2026-04-24,2026-04-25,3,150,739,,,,,,,Picnic area,"Hide disliked rooms, Hide liked offers, Hide no reacted offers",31,,"Outdoor pool, Heated pool, Any pool",,,,2,1,"Boutique hotel, Dutch-speaking staff, Design hotel",manual,
100736,1006,2026-02-26 02:25:00,2026-02-26 02:46:00,Warsaw,2026-03-19,2026-03-24,2,0,589,89582,,"Lunch, All inclusive","In-room pet station, Pet walking area nearby",,,"Beauty salon/services, Naturist-friendly",,0,"Kids-friendly bathroom, Child-friendly menu",,Sauna,,Coworking lounge,1,1,"Dutch-speaking staff, Multilingual staff, Design hotel",manual,
100737,1450,2026-02-28 11:14:00,,Wroclaw,2026-03-15,2026-03-18,3,60,150,,,,Up to 20kg pet allowed,,,Kitchen,,72,,,Spa,,,4,6,,ai,5101
100738,1362,2026-04-03 15:20:00,,Wroclaw,2026-04-05,2026-04-06,1,50,424,,"Free cancellation, Late check-out, Early check-in","Breakfast, Dinner",Unattended pets allowed,parking,Accessible room,"24-hour front desk, Children’s pool, BBQ facilities",Hide no reacted offers,46,Child-friendly menu,,,,,5,9,"Multilingual staff, English-speaking staff",manual,
100739,1355,2026-03-06 11:54:00,,Gdansk,2026-03-22,2026-03-26,1,0,676,,,,No pet vaccination required,,Accessible bathroom,Beachfront,,24,"Family-friendly,Playground or Playroom",,,,,1,3,,ai,5451
100740,1432,2026-04-15 18:26:00,2026-04-15 18:30:00,Gdansk,2026-05-14,2026-05-15,1,100,886,86126,,All meals,,,Accessible property,Beachfront,,0,"Family-friendly,Playground or Playroom",,,,,1,8,,ai,5887
100741,1029,2026-02-12 11:23:00,,Warsaw,2026-02-23,2026-02-28,4,150,770,,,,All pets allowed,,,"Wi-fi,Work desk,King/Queen-size 150+cm width",,0,,,,,,1,5,,ai,5788
100742,1412,2026-05-02 22:15:00,2026-05-02 22:17:00,Warsaw,2026-05-12,2026-05-18,2,1938,2000,95515,,,,,,Yoga area,,58,,Any pool,"Gym,Spa",,,5,9,,ai,7615
100743,1363,2026-03-17 18:42:00,2026-03-17 18:48:00,Prague,2026-04-07,2026-04-13,2,0,205,97254,"Early check-in, Free cancellation, Late check-out",,,parking,,,,66,Kids-friendly bathroom,"Indoor pool, Heated pool","Gym, Spa",Shuttle service,Coworking lounge,3,1,"Boutique hotel, Historical building, Design hotel",manual,
100744,1195,2026-02-24 09:00:00,2026-02-24 09:01:00,Wroclaw,2026-03-13,2026-03-14,3,69,150,86845,Free cancellation,,,,Accessible room,Kitchen,,30,,,,,,2,3,,ai,5540
100745,1010,2026-03-25 17:31:00,2026-03-25 17:34:00,Gdansk,2026-04-20,2026-04-23,2,100,664,96055,,,,parking,,Beachfront,,88,"Family-friendly,Playground or Playroom",Rooftop pool,,,Coworking lounge,4,1,Historical building,ai,7163
100746,1169,2026-02-04 01:17:00,2026-02-04 01:22:00,Warsaw,2026-02-12,2026-02-16,1,0,395,,,,All pets allowed,,,"Wi-fi,Work desk,King/Queen-size 150+cm width",,0,,Rooftop pool,,,,5,1,,ai,6215
100747,1306,2026-01-06 02:48:00,2026-01-06 02:52:00,Warsaw,2026-01-17,2026-01-24,2,50,381,78121,,,All pets allowed,,,"Wi-fi,Work desk,King/Queen-size 150+cm width",,59,,,,,,2,1,Historical building,ai,6367
100748,1034,2026-05-02 03:06:00,2026-05-02 03:17:00,Gdansk,2026-05-18,2026-05-22,2,100,502,,Free cancellation,"Dinner, Lunch","Up to 10kg pet allowed, Additional pet services",,,"Room size 30m2 +, Game room/arcade, Porter/Bellboy service",,25,,,,,Coworking lounge,2,1,Design hotel,manual,
100749,1042,2026-05-12 00:56:00,2026-05-12 00:59:00,Wroclaw,2026-05-26,2026-05-27,5,97,150,88390,,,,,,Kitchen,,57,,,,Shuttle service,,1,1,,ai,8214
100750,1003,2026-02-11 18:34:00,2026-02-11 18:58:00,Warsaw,2026-03-12,2026-03-19,1,100,609,,Late check-out,"Breakfast, Dinner, All inclusive",,parking,Accessible room,"Garden, King/Queen-size 150+cm width",Hide liked offers,0,,,"Sauna, Spa, Gym",Shuttle service,,2,8,"Design hotel, English-speaking staff, Boutique hotel",manual,
100751,1053,2026-03-26 12:47:00,2026-03-26 12:48:00,Gdansk,2026-04-02,2026-04-03,2,150,430,79657,,,,,,Beachfront,,17,"Family-friendly,Playground or Playroom",,,Shuttle service,,4,7,,ai,7422
100752,1461,2026-03-24 09:26:00,2026-03-24 09:33:00,Warsaw,2026-04-07,2026-04-13,2,0,197,88998,Late check-out,Dinner,"Up to 10kg pet allowed, 20+ kg pet allowed",parking,"Accessible bathroom, Accessible bed height, Step-free access",,"Hide no reacted offers, Hide liked offers",17,Kids-friendly bathroom,,,,,3,8,"Dutch-speaking staff, Design hotel",manual,
100753,1404,2026-05-02 21:56:00,2026-05-02 21:59:00,Krakow,2026-05-24,2026-05-26,3,50,660,,,Breakfast,,parking,,Soundproof room,,95,,,Spa,,,1,6,,ai,8998
100754,1455,2026-04-28 08:46:00,,Krakow,2026-05-17,2026-05-22,3,100,461,,Late check-out,Breakfast,,parking,,Soundproof room,,0,,,,,Coworking lounge,1,10,,ai,7367
100755,1233,2026-04-19 19:15:00,2026-04-19 19:17:00,Wroclaw,2026-05-11,2026-05-14,3,96,150,82754,,Dinner,,parking,,Kitchen,,13,,,,,,4,5,,ai,8908
100756,1070,2026-03-08 19:53:00,2026-03-08 20:11:00,Prague,2026-04-02,2026-04-08,3,50,229,76197,"Late check-out, Early check-in",,"Unattended pets allowed, Up to 10kg pet allowed",parking,,Wi-fi,"Hide no reacted offers, Hide liked offers, Hide disliked rooms",63,,"Any pool, Heated pool, Indoor pool",Spa,,Coworking lounge,4,10,"Boutique hotel, Design hotel",manual,
100757,1191,2026-04-07 10:53:00,2026-04-07 10:56:00,Wroclaw,2026-04-24,2026-04-27,3,55,150,97678,,,,parking,,Kitchen,,35,,,,,,3,7,,ai,5754
100758,1418,2026-01-20 19:01:00,2026-01-20 19:06:00,Warsaw,2026-01-26,2026-02-02,1,1908,2000,86905,Late check-out,,,parking,,,,69,,Any pool,"Gym,Spa",,,5,9,,ai,8245
100759,1381,2026-01-14 12:32:00,2026-01-14 12:33:00,Warsaw,2026-01-26,2026-01-27,2,50,456,,,,All pets allowed,,,"Wi-fi,Work desk,King/Queen-size 150+cm width",,53,,,,,,2,1,,ai,5422
100760,1355,2026-04-07 07:14:00,2026-04-07 07:35:00,Krakow,2026-04-09,2026-04-16,1,100,849,,Free cancellation,All inclusive,,parking,Accessible bed height,,"Hide no reacted offers, Hide disliked rooms, Hide liked offers",69,"Family-friendly, Child-friendly menu, TV for kids","Outdoor pool, Rooftop pool",,Shuttle service,,3,6,"English-speaking staff, Dutch-speaking staff, Design hotel",manual,
100761,1086,2026-04-28 11:44:00,2026-04-28 11:45:00,Warsaw,2026-05-10,2026-05-15,3,1948,2000,76759,,Dinner,,,,,,0,,Any pool,"Gym,Spa",,,5,9,,ai,7099
100762,1065,2026-05-09 04:38:00,2026-05-09 04:39:00,Krakow,2026-05-19,2026-05-25,2,150,414,84405,,Breakfast,,parking,,Soundproof room,,0,Family-friendly,,,,,2,9,,ai,8159
100763,1129,2026-03-18 02:50:00,2026-03-18 03:08:00,Warsaw,2026-03-26,2026-03-30,1,150,456,,Late check-out,,20+ kg pet allowed,parking,,"Ski access & services, Pillow menu, Double (full) bed 131-150cm width","Hide disliked rooms, Hide no reacted offers, Hide liked offers",54,Family-friendly,,Spa,,,5,6,English-speaking staff,manual,
100764,1154,2026-02-10 01:26:00,,Gdansk,2026-02-22,2026-02-28,2,50,668,,"Late check-out, Free cancellation, Early check-in",Dinner,Allows 2 pets,,,"Coffee/Tea maker, Daily housekeeping",,95,,,,Shuttle service,,1,1,,manual,
100765,1198,2026-05-04 17:08:00,,Berlin,2026-05-17,2026-05-21,4,150,435,,"Late check-out, Early check-in, Free cancellation","Breakfast, All inclusive","All pets allowed, Dogs allowed, Cats allowed",,,Smoke-free property,"Hide no reacted offers, Hide liked offers, Hide disliked rooms",41,"Child-friendly menu, Playground or Playroom, TV for kids","Outdoor pool, Any pool, Indoor pool","Sauna, Gym",,Coworking lounge,1,1,Multilingual staff,manual,
100766,1093,2026-03-13 19:04:00,,Gdansk,2026-04-11,2026-04-17,2,100,842,,,All meals,,,,Beachfront,,90,"Family-friendly,Playground or Playroom",,,,,3,5,,ai,6359
100767,1313,2026-02-05 01:33:00,2026-02-05 01:38:00,Wroclaw,2026-02-14,2026-02-16,4,75,150,,,,,,,Kitchen,,0,,,,,,4,3,,ai,5177
100768,1498,2026-03-01 16:22:00,,Wroclaw,2026-03-05,2026-03-10,4,85,150,,Free cancellation,,,,Accessible bed height,Kitchen,,57,,,,,,1,1,,ai,7476
100769,1348,2026-02-23 02:20:00,2026-02-23 02:33:00,Warsaw,2026-03-01,2026-03-03,4,150,521,,Late check-out,"Lunch, All inclusive",,,Spacious room layout,"Blackout curtains, Room service",,93,,,"Gym, Sauna",Shuttle service,,1,6,"English-speaking staff, Historical building, Dutch-speaking staff",manual,
100770,1445,2026-02-28 21:02:00,2026-02-28 21:05:00,Gdansk,2026-03-24,2026-03-25,3,50,436,,,,,,,Beachfront,,90,"Family-friendly,Playground or Playroom",,,,,3,1,,ai,8414
100771,1056,2026-03-24 19:01:00,2026-03-24 19:06:00,Wroclaw,2026-04-01,2026-04-02,4,81,150,99606,,,,,,Kitchen,,0,,,,,,3,2,,ai,6031
100772,1006,2026-05-03 12:32:00,2026-05-03 12:35:00,Warsaw,2026-05-20,2026-05-26,2,1921,2000,,,,,,,,,0,,Any pool,"Gym,Spa",,,5,9,,ai,8816
100773,1398,2026-02-17 22:58:00,2026-02-17 23:06:00,Prague,2026-02-25,2026-03-03,1,0,417,87746,,,"No pet deposit, Pet-welcome bonus, Up to 15kg pet allowed",,"Accessible bathroom, Door width ≥ 80 cm",,"Hide no reacted offers, Hide liked offers, Hide disliked rooms",29,Kids-friendly bathroom,,"Gym, Spa",,Coworking lounge,5,1,,manual,
100774,1290,2026-03-25 20:15:00,,Warsaw,2026-04-24,2026-04-27,2,1940,2000,,,,Pet-welcome bonus,,,,,0,,Any pool,"Gym,Spa",,,5,9,,ai,6210
100775,1127,2026-01-26 18:28:00,2026-01-26 18:38:00,Prague,2026-02-09,2026-02-16,2,50,646,,"Free cancellation, Early check-in, Late check-out",,"Pet-welcome bonus, Pets welcome in the restaurant",parking,Spacious room layout,,,59,,"Heated pool, Any pool, Indoor pool","Sauna, Gym, Spa",Shuttle service,Coworking lounge,1,9,Multilingual staff,manual,
100776,1170,2026-04-03 15:50:00,,Krakow,2026-04-26,2026-04-27,1,100,516,,,Breakfast,,parking,,Soundproof room,,53,,,,,,4,7,,ai,8058
100777,1223,2026-04-30 00:19:00,,Wroclaw,2026-05-14,2026-05-17,1,100,523,,"Late check-out, Free cancellation, Early check-in","All meals, All inclusive, Lunch",,parking,,,,85,TV for kids,,Sauna,,Coworking lounge,2,4,,manual,
100778,1203,2026-01-01 19:06:00,,Berlin,2026-01-11,2026-01-18,1,50,416,,,,,,Accessible property,"Room size 30m2 +, Bike rental/services",Hide liked offers,88,,"Any pool, Indoor pool","Gym, Sauna, Spa",,Coworking lounge,1,1,"Dutch-speaking staff, Design hotel, English-speaking staff",manual,
100779,1170,2026-01-29 08:28:00,2026-01-29 08:33:00,Warsaw,2026-01-31,2026-02-07,2,0,428,81935,"Late check-out, Early check-in",,20+ kg pet allowed,parking,"Door width ≥ 80 cm, Hard flooring, Wheelchair-accessible elevator","Indoor fireplace, Crib/Cot available, Contactless check-in/out",,0,"Family-friendly, Kids-friendly bathroom, Playground or Playroom",,"Gym, Spa, Sauna",Shuttle service,,5,10,"Boutique hotel, Design hotel",manual,
100780,1258,2026-03-09 16:12:00,2026-03-09 16:13:00,Wroclaw,2026-03-20,2026-03-22,5,88,150,,Late check-out,,,,,Kitchen,,97,Kids-friendly bathroom,,,,,4,1,,ai,7435
100781,1174,2026-03-22 03:36:00,,Paris,2026-04-07,2026-04-10,2,0,351,,,"Dinner, All meals, Lunch",,parking,Hard flooring,"Garden, Coffee/Tea maker, Extra bed available","Hide disliked rooms, Hide no reacted offers",0,"Safe balcony, Playground or Playroom, TV for kids",,,Shuttle service,Coworking lounge,5,1,"Design hotel, English-speaking staff, Multilingual staff",manual,
100782,1255,2026-05-22 05:13:00,,Prague,2026-05-27,2026-06-01,1,0,238,,"Early check-in, Late check-out, Free cancellation","All inclusive, Dinner","Cats allowed, Dogs allowed",,Hard flooring,Fishing,"Hide liked offers, Hide disliked rooms, Hide no reacted offers",22,"Safe balcony, Entertainment for kids, Babysitting",,Spa,Shuttle service,Coworking lounge,3,1,,manual,
100783,1351,2026-05-21 16:40:00,,Krakow,2026-05-26,2026-05-29,1,100,613,,,Breakfast,In-room pet station,parking,,Soundproof room,,98,Child-friendly menu,,,,,5,1,,ai,5838
100784,1252,2026-01-25 15:42:00,,Krakow,2026-02-10,2026-02-12,2,100,588,,,Breakfast,,parking,Hard flooring,Soundproof room,,0,,,,,,2,8,Design hotel,ai,8249
100785,1197,2026-02-17 21:05:00,2026-02-17 21:22:00,Paris,2026-02-22,2026-02-27,2,50,695,,,"Dinner, Lunch, All meals",Up to 10kg pet allowed,parking,,"Tennis court, Ski access & services",,99,"Child-friendly menu, Family-friendly, TV for kids",,"Gym, Spa, Sauna",Shuttle service,Coworking lounge,1,1,,manual,
100786,1253,2026-05-11 14:01:00,2026-05-11 14:05:00,Warsaw,2026-05-20,2026-05-22,4,100,783,,,,All pets allowed,parking,,"Wi-fi,Work desk,King/Queen-size 150+cm width",,20,,,,,,5,7,,ai,5494
100787,1307,2026-03-12 05:50:00,2026-03-12 06:12:00,Wroclaw,2026-03-19,2026-03-22,2,0,364,,,"Dinner, Lunch",Additional pet services,,"Door width ≥ 80 cm, Wheelchair-accessible elevator, Spacious room layout","In-room safe, Hiking, BBQ facilities",,0,,"Rooftop pool, Indoor pool",,Shuttle service,,1,9,"Multilingual staff, Design hotel, Historical building",manual,
100788,1305,2026-04-10 02:10:00,2026-04-10 02:24:00,Wroclaw,2026-04-25,2026-04-30,4,50,578,77537,,,,parking,"Wheelchair-accessible elevator, Accessible room, Accessible bed height","Mountain view, 24-hour front desk, Hiking",,25,,Rooftop pool,,Shuttle service,,5,5,"Design hotel, English-speaking staff",manual,
100789,1486,2026-01-25 02:56:00,,Warsaw,2026-02-09,2026-02-14,4,1926,2000,,,,Up to 15kg pet allowed,,,,,13,,Any pool,"Gym,Spa",,,5,9,,ai,7789
100790,1020,2026-04-20 13:33:00,2026-04-20 13:37:00,Warsaw,2026-05-15,2026-05-17,3,150,618,,,,All pets allowed,,,"Wi-fi,Work desk,King/Queen-size 150+cm width",,86,,,,,,1,8,,ai,7565
100791,1303,2026-01-16 23:49:00,,Krakow,2026-02-02,2026-02-03,3,0,170,,,Breakfast,,parking,,Soundproof room,,64,,,,,,1,10,,ai,7146
100792,1237,2026-01-11 03:14:00,,Wroclaw,2026-01-13,2026-01-15,3,85,150,,,,,,,Kitchen,,0,,,,,,3,3,,ai,5120
100793,1343,2026-05-19 05:27:00,2026-05-19 05:52:00,Berlin,2026-06-18,2026-06-19,3,150,908,,"Early check-in, Late check-out, Free cancellation",All inclusive,,,"Door width ≥ 80 cm, Hard flooring",,"Hide disliked rooms, Hide no reacted offers",90,Kids-friendly bathroom,,Sauna,,,4,10,English-speaking staff,manual,
100794,1229,2026-01-17 08:57:00,2026-01-17 09:01:00,Gdansk,2026-01-21,2026-01-28,2,150,352,,,,,,,Beachfront,,61,"Family-friendly,Playground or Playroom",,,,,4,4,,ai,7299
100795,1323,2026-02-13 03:15:00,,Gdansk,2026-03-07,2026-03-08,4,100,860,,,,,,,Beachfront,Hide disliked rooms,38,"Family-friendly,Playground or Playroom",,,,,2,10,,ai,8792
100796,1286,2026-04-08 23:54:00,,Warsaw,2026-04-16,2026-04-21,2,0,588,,,,All pets allowed,,,"Wi-fi,Work desk,King/Queen-size 150+cm width",,68,,Rooftop pool,,,,5,4,,ai,5138
100797,1262,2026-03-05 22:39:00,2026-03-05 22:43:00,Gdansk,2026-03-09,2026-03-13,2,0,595,,,,,,,Beachfront,,83,"Family-friendly,Playground or Playroom",,,,,3,5,,ai,7680
100798,1042,2026-02-09 02:18:00,,Warsaw,2026-03-02,2026-03-07,4,0,456,,,,All pets allowed,,,"Wi-fi,Work desk,King/Queen-size 150+cm width",,0,TV for kids,,,,,4,7,,ai,8403
100799,1391,2026-03-06 09:49:00,2026-03-06 10:12:00,Berlin,2026-04-03,2026-04-10,2,150,358,,Early check-in,,,parking,,"Air conditioning, Beach/pool towels, Golf course (on-site or nearby)","Hide liked offers, Hide no reacted offers",17,Family-friendly,"Heated pool, Any pool, Outdoor pool","Sauna, Gym",,,4,8,"Historical building, English-speaking staff",manual,
100800,1478,2026-03-26 12:48:00,2026-03-26 12:49:00,Gdansk,2026-03-30,2026-04-01,3,0,713,82977,,,,,,Beachfront,,54,"Family-friendly,Playground or Playroom",,Sauna,,,1,1,,ai,7935
100801,1497,2026-02-28 14:00:00,2026-02-28 14:01:00,Warsaw,2026-03-26,2026-03-28,2,100,558,,,,All pets allowed,,,"Wi-fi,Work desk,King/Queen-size 150+cm width",,53,,,,,,1,1,,ai,7210
100802,1013,2026-05-13 13:25:00,2026-05-13 13:29:00,Gdansk,2026-06-11,2026-06-17,1,100,885,81423,Early check-in,Breakfast,,,,Beachfront,,0,"Family-friendly,Playground or Playroom",,,,Coworking lounge,1,1,Boutique hotel,ai,8624
100803,1168,2026-04-21 18:11:00,2026-04-21 18:12:00,Warsaw,2026-05-15,2026-05-18,3,50,777,,,,All pets allowed,,Accessible public areas,"Wi-fi,Work desk,King/Queen-size 150+cm width",,90,,,,,,1,1,,ai,7635
100804,1290,2026-03-21 20:19:00,2026-03-21 20:22:00,Wroclaw,2026-04-08,2026-04-12,4,71,150,,,,,,,Kitchen,,0,,,,,,4,5,,ai,5396
100805,1252,2026-03-02 04:29:00,,Gdansk,2026-03-15,2026-03-20,1,100,385,,,,,,,Beachfront,,95,"Family-friendly,Playground or Playroom",,,,,4,1,Boutique hotel,ai,6949
100806,1467,2026-01-21 19:09:00,,Krakow,2026-02-20,2026-02-26,1,0,236,,"Free cancellation, Late check-out, Early check-in","Dinner, All inclusive",20+ kg pet allowed,,Step-free access,,,0,Family-friendly,,Gym,Shuttle service,,2,1,,manual,
100807,1425,2026-01-08 23:01:00,2026-01-08 23:06:00,Krakow,2026-01-15,2026-01-22,3,50,456,93547,,Breakfast,,parking,,Soundproof room,,42,,,,,,5,7,,ai,8671
100808,1027,2026-04-09 12:24:00,2026-04-09 12:28:00,Gdansk,2026-04-18,2026-04-22,1,0,310,,,,,parking,,Beachfront,,26,"Family-friendly,Playground or Playroom",,Sauna,,,5,1,,ai,5795
100809,1072,2026-05-03 22:22:00,2026-05-03 22:43:00,Gdansk,2026-05-18,2026-05-25,1,150,478,,,"Lunch, All inclusive, Dinner","20+ kg pet allowed, Cats allowed, Muzzle not required",parking,"Step-free access, Spacious room layout, Accessible parking on-site",,,43,"Playground or Playroom, Child-friendly menu, Babysitting",,,Shuttle service,Coworking lounge,1,7,"Boutique hotel, Dutch-speaking staff",manual,
100810,1393,2026-05-07 05:50:00,2026-05-07 05:51:00,Warsaw,2026-06-06,2026-06-08,3,1903,2000,77999,,,,,,Heating,,78,,Any pool,"Gym,Spa",,,5,9,,ai,7135
100811,1122,2026-04-12 07:51:00,2026-04-12 07:53:00,Warsaw,2026-05-06,2026-05-10,4,50,837,77818,Late check-out,,All pets allowed,,,"Wi-fi,Work desk,King/Queen-size 150+cm width",,44,Safe balcony,,,,Coworking lounge,5,9,,ai,7314
100812,1277,2026-05-13 19:58:00,,Warsaw,2026-05-20,2026-05-22,3,150,463,,,,All pets allowed,,,"Wi-fi,Work desk,King/Queen-size 150+cm width",,0,,,,,,4,6,,ai,6469
100813,1345,2026-04-17 12:57:00,2026-04-17 12:59:00,Warsaw,2026-04-26,2026-04-30,3,50,226,79490,,,All pets allowed,,,"Wi-fi,Work desk,King/Queen-size 150+cm width",,0,,,,,,1,1,,ai,8253
100814,1432,2026-05-20 01:12:00,2026-05-20 01:29:00,Gdansk,2026-06-16,2026-06-17,1,150,890,,,,,parking,"Hard flooring, Spacious room layout, Accessible property",Sun loungers,"Hide disliked rooms, Hide no reacted offers, Hide liked offers",0,,"Indoor pool, Any pool","Sauna, Gym, Spa",Shuttle service,,1,7,"Historical building, English-speaking staff",manual,
100815,1433,2026-04-07 11:47:00,2026-04-07 11:50:00,Warsaw,2026-04-21,2026-04-28,3,1906,2000,80773,,,,parking,,,Hide disliked rooms,0,Babysitting,Any pool,"Gym,Spa",Shuttle service,,5,9,,ai,5145
100816,1397,2026-03-17 16:50:00,2026-03-17 17:03:00,Gdansk,2026-03-21,2026-03-25,1,100,519,,"Free cancellation, Early check-in, Late check-out","Dinner, All inclusive, Lunch","In-room pet station, Cats allowed, Toys for pets",,"Hard flooring, Accessible bathroom, Wheelchair-accessible elevator",,"Hide no reacted offers, Hide liked offers, Hide disliked rooms",0,"Kids-friendly bathroom, Babysitting",Outdoor pool,,Shuttle service,Coworking lounge,5,1,"Multilingual staff, Boutique hotel",manual,
100817,1403,2026-01-02 14:11:00,2026-01-02 14:16:00,Warsaw,2026-01-26,2026-02-02,2,0,489,,,,All pets allowed,,,"Wi-fi,Work desk,King/Queen-size 150+cm width",,51,,,,,,4,9,,ai,5236
100818,1384,2026-04-15 14:28:00,,Gdansk,2026-05-06,2026-05-12,2,0,194,,,,,parking,,Beachfront,,68,"Family-friendly,Playground or Playroom",,,,,5,1,,ai,5218
100819,1154,2026-02-05 02:38:00,2026-02-05 02:42:00,Warsaw,2026-02-24,2026-03-01,2,1945,2000,79257,,,Up to 10kg pet allowed,,,,,0,,Any pool,"Gym,Spa",,,5,9,,ai,6449
100820,1092,2026-04-22 09:46:00,2026-04-22 09:48:00,Warsaw,2026-04-28,2026-05-03,4,1901,2000,80008,,,,,,,Hide disliked rooms,31,,Any pool,"Gym,Spa",,,5,9,,ai,6192
100821,1324,2026-04-19 01:03:00,2026-04-19 01:09:00,Prague,2026-04-29,2026-05-01,2,50,268,,Late check-out,"All inclusive, Dinner",Towels for pets,parking,,"Garden, King/Queen-size 150+cm width","Hide disliked rooms, Hide no reacted offers",66,,,,Shuttle service,Coworking lounge,1,9,"Multilingual staff, Historical building",manual,
100822,1041,2026-02-27 12:28:00,2026-02-27 12:46:00,Wroclaw,2026-03-29,2026-03-31,2,150,811,,"Early check-in, Free cancellation","Breakfast, All inclusive","Allows 3 pets, Towels for pets, Cats allowed",parking,"Accessible parking on-site, Accessible public areas","24-hour front desk, Hair salon",Hide liked offers,0,"Babysitting, Safe balcony","Any pool, Heated pool","Spa, Gym, Sauna",,Coworking lounge,1,1,Multilingual staff,manual,
100823,1167,2026-04-16 03:20:00,,Warsaw,2026-04-30,2026-05-02,1,150,434,,,,All pets allowed,,,"Wi-fi,Work desk,King/Queen-size 150+cm width",,0,,,,,,1,5,,ai,8568
100824,1422,2026-01-24 16:23:00,2026-01-24 16:34:00,Krakow,2026-02-08,2026-02-13,4,100,331,,,Breakfast,"No pet vaccination required, Additional pet services",parking,,Terrace/Patio,"Hide liked offers, Hide no reacted offers",15,"TV for kids, Family-friendly, Child-friendly menu",,,Shuttle service,Coworking lounge,1,1,"Dutch-speaking staff, Multilingual staff",manual,
100825,1348,2026-02-02 10:59:00,2026-02-02 11:01:00,Warsaw,2026-02-08,2026-02-15,4,1913,2000,80505,,,,,,,,42,,Any pool,"Gym,Spa",,,5,9,,ai,5233
100826,1279,2026-05-21 13:08:00,2026-05-21 13:12:00,Warsaw,2026-06-11,2026-06-14,4,100,399,96618,,,All pets allowed,,,"Wi-fi,Work desk,King/Queen-size 150+cm width",,33,,,,,,1,8,,ai,7311
100827,1274,2026-01-31 06:10:00,,Gdansk,2026-02-27,2026-03-02,3,100,276,,,"All inclusive, Breakfast, Dinner",,,"Accessible bed height, Spacious room layout",,,82,,,,,Coworking lounge,3,7,Multilingual staff,manual,
100828,1301,2026-01-28 10:09:00,2026-01-28 10:25:00,Krakow,2026-02-24,2026-03-02,1,0,209,96775,Early check-in,"Lunch, Dinner, All inclusive","Toys for pets, Allows 3+ pets",parking,,"Grab-and-go snacks (snack bar or vending machines), Luggage storage",Hide disliked rooms,0,"Child-friendly menu, Family-friendly, Kids-friendly bathroom",,"Gym, Spa, Sauna",Shuttle service,Coworking lounge,1,2,,manual,
100829,1491,2026-02-28 01:48:00,,Warsaw,2026-03-04,2026-03-07,4,1927,2000,,,,,parking,,,,96,,Any pool,"Gym,Spa",Shuttle service,,5,9,,ai,5811
100830,1472,2026-01-24 07:52:00,,Krakow,2026-02-06,2026-02-09,4,150,619,,,Breakfast,,parking,,Soundproof room,Hide no reacted offers,79,,,,,,1,9,,ai,6092
100831,1236,2026-04-15 10:18:00,2026-04-15 10:34:00,Krakow,2026-05-09,2026-05-11,1,150,532,,,"All inclusive, Lunch, Breakfast","Pet walking area nearby, No pet deposit, Muzzle not required",,,Private bathroom,"Hide liked offers, Hide no reacted offers, Hide disliked rooms",68,,Indoor pool,"Sauna, Gym, Spa",Shuttle service,Coworking lounge,5,1,"Boutique hotel, English-speaking staff, Historical building",manual,
100832,1224,2026-01-03 21:06:00,2026-01-03 21:30:00,Wroclaw,2026-01-17,2026-01-23,1,50,681,,"Late check-out, Free cancellation","All meals, Lunch, Breakfast","Up to 20kg pet allowed, Dogs allowed, No pet deposit",parking,"Accessible bed height, Accessible public areas",,,0,,"Heated pool, Outdoor pool, Any pool",,,,1,10,,manual,
100833,1411,2026-01-16 19:36:00,2026-01-16 19:40:00,Warsaw,2026-01-31,2026-02-07,3,1906,2000,92770,,,,,,,,0,,Any pool,"Gym,Spa",Shuttle service,,5,9,English-speaking staff,ai,8357
100834,1340,2026-02-08 00:30:00,2026-02-08 00:35:00,Wroclaw,2026-02-19,2026-02-24,3,87,150,,,,,,,Kitchen,,64,,,,,Coworking lounge,1,4,,ai,8572
100835,1233,2026-05-18 08:35:00,2026-05-18 08:47:00,Paris,2026-05-29,2026-06-04,3,150,773,,"Late check-out, Early check-in",Dinner,,,,,,0,"Babysitting, Entertainment for kids","Outdoor pool, Heated pool",,Shuttle service,Coworking lounge,3,7,,manual,
100836,1162,2026-01-04 04:51:00,2026-01-04 04:55:00,Krakow,2026-01-10,2026-01-17,4,50,629,94834,,Breakfast,,parking,Accessible property,Soundproof room,,14,,,,,Coworking lounge,2,1,,ai,6274
100837,1259,2026-03-12 09:09:00,2026-03-12 09:10:00,Wroclaw,2026-04-05,2026-04-06,5,81,150,84115,,,,,,Kitchen,,21,,,Sauna,,,1,6,,ai,6667
100838,1000,2026-02-07 16:54:00,2026-02-07 17:08:00,Gdansk,2026-03-04,2026-03-07,1,0,760,84469,"Early check-in, Late check-out",,"Additional pet services, Up to 10kg pet allowed, Towels for pets",,,"Grab-and-go snacks (snack bar or vending machines), Terrace/Patio, Bathroom with rain shower",Hide liked offers,72,Babysitting,"Indoor pool, Any pool",,Shuttle service,Coworking lounge,1,1,,manual,
100839,1072,2026-01-17 01:02:00,,Krakow,2026-01-27,2026-01-28,1,50,523,,"Free cancellation, Late check-out, Early check-in","All meals, Breakfast",,parking,,"Daily housekeeping, Blackout curtains, Garden",,71,"Babysitting, Safe balcony","Any pool, Outdoor pool, Indoor pool",,Shuttle service,,4,1,,manual,
100840,1172,2026-02-16 22:14:00,2026-02-16 22:30:00,Warsaw,2026-03-16,2026-03-21,2,150,664,88854,Free cancellation,,Pet fee less than €20 per night,,Accessible room,,,0,"Kids-friendly bathroom, Babysitting",Indoor pool,"Gym, Sauna, Spa",Shuttle service,,3,1,"Boutique hotel, Historical building, Dutch-speaking staff",manual,
100841,1043,2026-01-14 20:02:00,,Krakow,2026-01-20,2026-01-23,3,0,331,,,Breakfast,,parking,,Soundproof room,,13,Family-friendly,,,,,5,1,,ai,5452
100842,1261,2026-02-28 20:39:00,2026-02-28 20:43:00,Gdansk,2026-03-07,2026-03-13,3,150,528,84015,Free cancellation,,Unattended pets allowed,,,Beachfront,,99,"Family-friendly,Playground or Playroom",,Gym,,,2,1,,ai,7351
100843,1305,2026-01-18 19:09:00,2026-01-18 19:28:00,Krakow,2026-01-24,2026-01-29,1,150,454,,,,,,,Connecting rooms,"Hide disliked rooms, Hide liked offers, Hide no reacted offers",67,,,Sauna,Shuttle service,Coworking lounge,1,10,,manual,
100844,1128,2026-01-28 14:10:00,2026-01-28 14:23:00,Wroclaw,2026-02-06,2026-02-07,1,150,619,81275,"Free cancellation, Early check-in, Late check-out",Lunch,"Allows 2 pets, Up to 20kg pet allowed, Up to 15kg pet allowed",,,,Hide no reacted offers,59,"Babysitting, Family-friendly, Safe balcony",,"Sauna, Spa",,,1,1,"Design hotel, Multilingual staff",manual,
100845,1026,2026-04-26 04:41:00,2026-04-26 04:43:00,Gdansk,2026-04-29,2026-05-06,3,0,167,82160,,,,,,Beachfront,,0,"Family-friendly,Playground or Playroom",,,,,5,6,,ai,5959
100846,1022,2026-04-21 05:19:00,2026-04-21 05:24:00,Warsaw,2026-05-20,2026-05-27,3,0,337,,,,All pets allowed,,,"Wi-fi,Work desk,King/Queen-size 150+cm width",,57,,,,Shuttle service,,5,10,,ai,7249
100847,1167,2026-02-16 11:07:00,2026-02-16 11:10:00,Krakow,2026-02-22,2026-02-27,2,0,427,,,Breakfast,,parking,,Soundproof room,,40,,,,,,3,6,,ai,5714
100848,1006,2026-03-11 01:50:00,2026-03-11 02:13:00,Paris,2026-03-26,2026-04-02,4,50,340,,Early check-in,,Cats allowed,parking,"Wheelchair-accessible elevator, Accessible room","Blackout curtains, Casino, Connecting rooms",,0,"Entertainment for kids, Family-friendly, Playground or Playroom",Any pool,"Sauna, Spa",,Coworking lounge,3,1,"Dutch-speaking staff, Boutique hotel, Design hotel",manual,
100849,1162,2026-01-24 12:31:00,2026-01-24 12:52:00,Wroclaw,2026-01-30,2026-01-31,3,50,325,,"Free cancellation, Late check-out",,,parking,Wheelchair-accessible elevator,,,18,"Safe balcony, Playground or Playroom, Entertainment for kids",Rooftop pool,"Gym, Spa",Shuttle service,,1,1,,manual,
100850,1329,2026-02-12 06:28:00,2026-02-12 06:29:00,Warsaw,2026-03-13,2026-03-20,2,1902,2000,91423,,,,,,,,0,,Any pool,"Gym,Spa",,,5,9,,ai,8897
100851,1468,2026-01-22 04:31:00,2026-01-22 04:46:00,Wroclaw,2026-02-20,2026-02-27,4,0,230,84401,"Late check-out, Early check-in, Free cancellation","Breakfast, Dinner, Lunch",Allows 3 pets,,"Accessible bed height, Accessible bathroom, Hard flooring","Contactless check-in/out, Daily housekeeping, Meeting/Conference facilities","Hide no reacted offers, Hide liked offers",47,"Babysitting, Entertainment for kids, Kids-friendly bathroom",,"Sauna, Gym, Spa",Shuttle service,Coworking lounge,4,1,"Historical building, Design hotel, Dutch-speaking staff",manual,
100852,1355,2026-04-30 02:52:00,2026-04-30 02:54:00,Gdansk,2026-05-20,2026-05-21,1,0,289,89373,,,,,,Beachfront,,0,"Family-friendly,Playground or Playroom",,,,Coworking lounge,2,1,,ai,7536
100853,1119,2026-03-24 21:02:00,2026-03-24 21:06:00,Gdansk,2026-04-19,2026-04-22,2,50,388,98258,,,,,,Beachfront,Hide liked offers,49,"Family-friendly,Playground or Playroom",,,Shuttle service,,2,10,Multilingual staff,ai,6842
100854,1190,2026-03-31 16:29:00,,Gdansk,2026-04-21,2026-04-26,2,50,359,,"Early check-in, Free cancellation","All meals, All inclusive, Dinner","No pet vaccination required, Up to 10kg pet allowed",parking,,"Water park access, Bathroom with rain shower, Tour/ticket assistance","Hide no reacted offers, Hide liked offers",29,,,"Gym, Spa",Shuttle service,,5,10,"Boutique hotel, Dutch-speaking staff, English-speaking staff",manual,
100855,1296,2026-01-11 21:30:00,2026-01-11 21:43:00,Paris,2026-01-22,2026-01-26,1,100,527,80488,Late check-out,,Toys for pets,parking,"Spacious room layout, Accessible bed height","Garden, Air conditioning",,10,"Entertainment for kids, Safe balcony",Indoor pool,Sauna,Shuttle service,Coworking lounge,4,1,"Dutch-speaking staff, English-speaking staff, Historical building",manual,
100856,1216,2026-03-16 15:55:00,2026-03-16 16:10:00,Krakow,2026-03-25,2026-03-29,2,50,468,,Late check-out,,,parking,,,"Hide no reacted offers, Hide disliked rooms, Hide liked offers",0,Child-friendly menu,,"Gym, Spa",,,1,1,"Dutch-speaking staff, English-speaking staff",manual,
100857,1178,2026-01-25 10:47:00,2026-01-25 11:12:00,Berlin,2026-01-30,2026-02-05,1,100,324,86144,Late check-out,Dinner,"Unattended pets allowed, Pets allowed in public areas",,"Door width ≥ 80 cm, Accessible room, Accessible property",,Hide no reacted offers,0,"Child-friendly menu, TV for kids","Heated pool, Any pool",,,Coworking lounge,1,1,"Design hotel, Historical building",manual,
100858,1220,2026-02-17 03:07:00,,Krakow,2026-02-25,2026-02-28,4,100,250,,"Late check-out, Free cancellation, Early check-in",,Dogs allowed,,"Accessible property, Door width ≥ 80 cm",King/Queen-size 150+cm width,Hide liked offers,0,"Child-friendly menu, Family-friendly",,,Shuttle service,Coworking lounge,5,5,"Historical building, Multilingual staff",manual,
100859,1002,2026-01-30 14:13:00,,Krakow,2026-02-01,2026-02-07,2,50,757,,"Free cancellation, Early check-in","Lunch, All meals, Breakfast","Unattended pets allowed, Pets allowed in public areas",,,"Naturist-friendly, Crib/Cot available, Safe for toddlers and kids","Hide no reacted offers, Hide liked offers, Hide disliked rooms",10,,"Indoor pool, Heated pool, Any pool",,Shuttle service,Coworking lounge,5,1,Multilingual staff,manual,
100860,1076,2026-02-23 19:41:00,2026-02-23 19:42:00,Wroclaw,2026-02-27,2026-03-06,4,60,150,82557,,,,,,Kitchen,,88,,,,,,1,1,,ai,7373
100861,1257,2026-02-03 15:52:00,2026-02-03 15:54:00,Wroclaw,2026-02-14,2026-02-16,4,52,150,76522,,,,,,Kitchen,Hide no reacted offers,25,,,,Shuttle service,,4,5,,ai,7102
100862,1254,2026-01-06 09:22:00,,Warsaw,2026-01-24,2026-01-25,3,100,251,,,,All pets allowed,,,"Wi-fi,Work desk,King/Queen-size 150+cm width",,0,,,,,,5,3,Boutique hotel,ai,6084
100863,1269,2026-04-21 12:50:00,2026-04-21 12:53:00,Krakow,2026-05-06,2026-05-09,1,50,586,,,Breakfast,,parking,Accessible bathroom,Soundproof room,,0,,,,,,1,5,,ai,5998
100864,1463,2026-01-16 20:27:00,2026-01-16 20:30:00,Krakow,2026-02-14,2026-02-20,1,50,775,86372,,Breakfast,,parking,,Soundproof room,,31,,,,,Coworking lounge,1,1,,ai,7607
100865,1455,2026-04-18 15:29:00,2026-04-18 15:38:00,Paris,2026-04-22,2026-04-27,1,50,708,,,"All inclusive, All meals, Breakfast",Pets welcome in the restaurant,parking,"Accessible public areas, Accessible parking on-site",,,67,"Playground or Playroom, Kids-friendly bathroom",,Gym,,Coworking lounge,2,8,"English-speaking staff, Multilingual staff, Boutique hotel",manual,
100866,1488,2026-05-20 00:22:00,2026-05-20 00:26:00,Gdansk,2026-06-08,2026-06-14,4,150,372,83725,,,,,,Beachfront,,13,"Family-friendly,Playground or Playroom",,,,,3,6,,ai,7098
100867,1408,2026-02-06 05:29:00,,Wroclaw,2026-02-25,2026-03-03,4,56,150,,,,,,,Kitchen,,65,,,,Shuttle service,,1,5,,ai,8770
100868,1337,2026-04-22 22:02:00,2026-04-22 22:13:00,Gdansk,2026-04-30,2026-05-05,1,100,735,99800,,All meals,,,Accessible bed height,,,44,"Child-friendly menu, TV for kids, Playground or Playroom","Outdoor pool, Heated pool","Gym, Spa, Sauna",,Coworking lounge,1,6,,manual,
100869,1312,2026-01-07 07:34:00,,Warsaw,2026-01-30,2026-02-05,3,50,295,,,,All pets allowed,,,"Wi-fi,Work desk,King/Queen-size 150+cm width",,78,,,,,Coworking lounge,5,1,,ai,7317
100870,1292,2026-03-26 11:00:00,2026-03-26 11:01:00,Gdansk,2026-04-14,2026-04-16,2,150,617,99842,,,,,Accessible bed height,Beachfront,,0,"Family-friendly,Playground or Playroom",,,,,3,4,,ai,5964
100871,1048,2026-01-02 11:36:00,2026-01-02 11:41:00,Warsaw,2026-01-21,2026-01-25,4,150,440,83065,,,All pets allowed,,,"Wi-fi,Work desk,King/Queen-size 150+cm width",,76,,,,,,1,7,Multilingual staff,ai,7844
100872,1275,2026-05-09 09:43:00,2026-05-09 09:47:00,Krakow,2026-05-14,2026-05-18,4,150,893,78853,,Breakfast,,parking,Accessible bed height,Soundproof room,,0,,,,,,2,9,Design hotel,ai,8651
100873,1166,2026-02-19 10:54:00,2026-02-19 10:57:00,Gdansk,2026-02-28,2026-03-03,3,50,419,84365,,,,,,Beachfront,,61,"Family-friendly,Playground or Playroom",,,,,5,1,,ai,6831
100874,1450,2026-01-19 21:29:00,2026-01-19 21:32:00,Gdansk,2026-01-26,2026-01-28,4,0,590,86269,,,,,,Beachfront,Hide liked offers,37,"Family-friendly,Playground or Playroom",,,,,1,8,,ai,7910
100875,1057,2026-02-28 11:52:00,2026-02-28 11:55:00,Krakow,2026-03-26,2026-03-31,1,100,462,,,Breakfast,,parking,,Soundproof room,,90,,,,,,1,1,,ai,8953
100876,1065,2026-03-14 04:23:00,2026-03-14 04:28:00,Warsaw,2026-04-10,2026-04-11,3,1919,2000,,,,,parking,,,,82,,Any pool,"Gym,Spa",,Coworking lounge,5,9,,ai,7291
100877,1279,2026-01-03 17:06:00,2026-01-03 17:12:00,Prague,2026-01-08,2026-01-14,4,50,253,,,,"Up to 15kg pet allowed, In-room pet station, Pets allowed in public areas",parking,,"Real double bed (not 2 twins pushed together), Microwave","Hide disliked rooms, Hide liked offers, Hide no reacted offers",66,"Entertainment for kids, Kids-friendly bathroom",,Spa,,,5,2,"English-speaking staff, Multilingual staff",manual,
100878,1428,2026-02-27 09:20:00,2026-02-27 09:25:00,Paris,2026-03-26,2026-04-02,3,0,417,82153,Early check-in,All inclusive,Allows 3 pets,parking,,Ski access & services,"Hide disliked rooms, Hide liked offers, Hide no reacted offers",0,,Any pool,"Sauna, Spa, Gym",,Coworking lounge,1,4,"English-speaking staff, Multilingual staff, Historical building",manual,
100879,1486,2026-03-29 14:38:00,2026-03-29 14:39:00,Warsaw,2026-04-25,2026-04-30,2,150,611,91955,,,All pets allowed,,,"Wi-fi,Work desk,King/Queen-size 150+cm width",,58,,,,,,2,8,,ai,7570
100880,1486,2026-03-17 23:37:00,,Gdansk,2026-04-04,2026-04-11,4,50,504,,,,,,Accessible bathroom,"Library, Picnic area","Hide liked offers, Hide no reacted offers",10,Entertainment for kids,Any pool,,Shuttle service,,2,4,Dutch-speaking staff,manual,
100881,1394,2026-01-09 04:22:00,2026-01-09 04:24:00,Krakow,2026-01-15,2026-01-21,2,150,473,95818,,Breakfast,,parking,,Soundproof room,,27,,,,,,5,2,,ai,8639
100882,1297,2026-04-02 05:28:00,2026-04-02 05:30:00,Gdansk,2026-05-01,2026-05-02,4,100,450,99254,Early check-in,,,,,Beachfront,,19,"Family-friendly,Playground or Playroom",,,,,1,10,,ai,8784
100883,1039,2026-01-18 08:16:00,2026-01-18 08:17:00,Gdansk,2026-02-07,2026-02-12,3,150,679,90850,,,,,,Beachfront,,0,"Family-friendly,Playground or Playroom",,,,,4,1,,ai,8839
100884,1177,2026-04-13 20:02:00,2026-04-13 20:03:00,Wroclaw,2026-04-17,2026-04-20,5,86,150,89878,,,,,,Kitchen,,0,,,,,,5,2,,ai,7072
100885,1368,2026-03-19 09:56:00,2026-03-19 10:03:00,Prague,2026-04-11,2026-04-17,1,0,367,78079,"Early check-in, Free cancellation, Late check-out","Breakfast, Dinner",,,"Accessible parking on-site, Accessible property, Accessible bathroom",,"Hide disliked rooms, Hide no reacted offers",40,Family-friendly,Outdoor pool,"Gym, Spa, Sauna",Shuttle service,,1,1,English-speaking staff,manual,
100886,1139,2026-05-21 21:56:00,2026-05-21 21:58:00,Gdansk,2026-06-20,2026-06-22,4,0,322,79866,,All meals,,,,Beachfront,,28,"Family-friendly,Playground or Playroom",,,,,1,1,,ai,6870
100887,1124,2026-03-21 12:51:00,2026-03-21 12:58:00,Gdansk,2026-04-08,2026-04-11,4,100,795,,"Free cancellation, Early check-in, Late check-out","Lunch, Dinner, All inclusive","All pets allowed, Pet walking area nearby",parking,Accessible parking on-site,"Concierge services, Wi-fi, Room service",Hide no reacted offers,25,"Kids-friendly bathroom, Safe balcony",,Sauna,,,1,10,,manual,
100888,1081,2026-05-19 07:42:00,2026-05-19 07:43:00,Wroclaw,2026-05-23,2026-05-30,5,63,150,91448,,,,,,Kitchen,,0,,Rooftop pool,,,,1,1,,ai,8032
100889,1314,2026-05-15 22:44:00,2026-05-15 23:01:00,Gdansk,2026-06-10,2026-06-17,4,50,237,,"Late check-out, Free cancellation, Early check-in","Dinner, Lunch",Cats allowed,,"Wheelchair-accessible elevator, Accessible bed height, Step-free access",,Hide no reacted offers,38,"Entertainment for kids, TV for kids, Child-friendly menu","Outdoor pool, Rooftop pool",,,,5,2,English-speaking staff,manual,
100890,1067,2026-01-13 21:02:00,2026-01-13 21:27:00,Krakow,2026-02-05,2026-02-08,4,150,466,,,"All inclusive, Lunch, All meals",,parking,,,"Hide disliked rooms, Hide no reacted offers",0,"Child-friendly menu, TV for kids",Indoor pool,,,Coworking lounge,1,8,Multilingual staff,manual,
100891,1188,2026-02-14 12:44:00,2026-02-14 12:45:00,Wroclaw,2026-02-21,2026-02-26,4,54,150,94911,,,,,,Kitchen,,32,,,,,,1,3,,ai,5904
100892,1067,2026-03-17 12:46:00,2026-03-17 13:02:00,Prague,2026-03-22,2026-03-25,1,50,302,,,,"In-room pet station, Allows 3+ pets, No pet vaccination required",parking,Accessible room,,Hide no reacted offers,71,Babysitting,,"Gym, Sauna",Shuttle service,,1,6,Dutch-speaking staff,manual,
100893,1477,2026-01-11 00:13:00,2026-01-11 00:18:00,Warsaw,2026-02-02,2026-02-07,1,1912,2000,,,,,,,,,73,,Any pool,"Gym,Spa",,,5,9,,ai,5698
100894,1270,2026-05-06 11:14:00,2026-05-06 11:17:00,Krakow,2026-05-23,2026-05-30,4,50,476,79623,,Breakfast,,parking,,Soundproof room,,63,,,,,,3,10,,ai,5873
100895,1246,2026-04-27 23:02:00,2026-04-27 23:20:00,Krakow,2026-05-16,2026-05-22,4,150,323,,,"All meals, Dinner","Unattended pets allowed, Pet walking area nearby, No pet vaccination required",parking,,"Concierge services, Library, City view",Hide disliked rooms,62,"Playground or Playroom, Babysitting","Any pool, Rooftop pool","Sauna, Spa",,,1,3,,manual,
100896,1048,2026-02-09 05:57:00,2026-02-09 06:00:00,Warsaw,2026-02-23,2026-02-27,3,1919,2000,89928,,Lunch,,,,,,32,,Any pool,"Gym,Spa",,,5,9,,ai,8750
100897,1042,2026-05-08 12:39:00,,Prague,2026-05-12,2026-05-13,1,0,317,,,Lunch,,parking,"Wheelchair-accessible elevator, Accessible bed height, Accessible room","Bathroom with rain shower, Connecting rooms",,0,Entertainment for kids,"Any pool, Rooftop pool, Outdoor pool",,,,4,6,"Boutique hotel, English-speaking staff",manual,
100898,1161,2026-04-03 13:18:00,2026-04-03 13:36:00,Wroclaw,2026-04-18,2026-04-22,2,150,322,,,"Breakfast, Dinner, All meals",,parking,,"On-site shops, Indoor fireplace, Mountain view","Hide liked offers, Hide disliked rooms",12,Safe balcony,"Heated pool, Outdoor pool, Indoor pool","Sauna, Spa",,,3,1,"English-speaking staff, Boutique hotel, Historical building",manual,
100899,1383,2026-04-13 09:19:00,,Gdansk,2026-04-24,2026-04-27,4,100,707,,,,,,,Beachfront,,0,"Family-friendly,Playground or Playroom",,,,,5,1,,ai,6547
100900,1068,2026-02-10 18:04:00,2026-02-10 18:06:00,Gdansk,2026-03-12,2026-03-19,1,50,331,94026,,,,,,Beachfront,,0,"Family-friendly,Playground or Playroom",,,,,4,9,,ai,8653
100901,1205,2026-05-18 06:03:00,,Wroclaw,2026-06-17,2026-06-24,3,97,150,,,,,,,Kitchen,Hide liked offers,90,,,,,,3,1,,ai,6120
100902,1048,2026-03-21 02:49:00,2026-03-21 03:10:00,Warsaw,2026-03-29,2026-03-30,2,150,357,,"Early check-in, Free cancellation",Breakfast,"Up to 20kg pet allowed, Unattended pets allowed, Pet fee less than €20 per night",parking,,"Safe for toddlers and kids, Table tennis, Ski access & services",Hide disliked rooms,99,,,,Shuttle service,Coworking lounge,2,7,,manual,
100903,1356,2026-03-25 23:35:00,2026-03-25 23:52:00,Warsaw,2026-04-12,2026-04-17,2,50,414,,,"All inclusive, Dinner",Muzzle not required,parking,,"Minibar, Wake-up service, On-site medical assistance","Hide disliked rooms, Hide no reacted offers, Hide liked offers",0,,,,Shuttle service,Coworking lounge,1,4,,manual,
100904,1018,2026-03-23 16:22:00,2026-03-23 16:37:00,Wroclaw,2026-04-17,2026-04-20,2,100,866,,"Free cancellation, Late check-out",Dinner,Up to 20kg pet allowed,parking,"Accessible parking on-site, Door width ≥ 80 cm, Accessible bathroom",Ski access & services,"Hide disliked rooms, Hide no reacted offers, Hide liked offers",0,,"Any pool, Heated pool","Spa, Gym, Sauna",Shuttle service,,5,1,"Historical building, Design hotel",manual,
100905,1131,2026-03-21 16:56:00,2026-03-21 17:01:00,Krakow,2026-04-12,2026-04-13,4,100,783,,,Breakfast,,parking,,Soundproof room,,0,,,Spa,,,1,1,,ai,8742
100906,1255,2026-04-26 15:17:00,2026-04-26 15:19:00,Gdansk,2026-05-21,2026-05-25,4,100,431,79774,,,,,,Beachfront,,96,"Family-friendly,Playground or Playroom",Heated pool,,,,4,9,Multilingual staff,ai,6600
100907,1187,2026-01-03 19:29:00,2026-01-03 19:34:00,Wroclaw,2026-01-08,2026-01-15,5,88,150,97354,,,,,,Kitchen,,0,,,,,,2,6,,ai,8563
100908,1390,2026-04-10 08:22:00,2026-04-10 08:29:00,Wroclaw,2026-05-01,2026-05-07,1,0,422,,Early check-in,"All meals, All inclusive, Breakfast",,parking,,"Heating, Library","Hide disliked rooms, Hide liked offers, Hide no reacted offers",32,"Child-friendly menu, Entertainment for kids, Family-friendly",,"Gym, Sauna",,Coworking lounge,1,6,,manual,
100909,1466,2026-03-02 15:31:00,2026-03-02 15:34:00,Krakow,2026-03-16,2026-03-17,2,150,755,75743,,Breakfast,,parking,,Soundproof room,Hide liked offers,98,,,Sauna,,,5,1,,ai,6208
100910,1335,2026-04-26 23:22:00,2026-04-26 23:27:00,Krakow,2026-05-26,2026-05-31,4,0,625,,,Breakfast,,parking,,Soundproof room,,99,Family-friendly,,,,,3,3,,ai,5583
100911,1289,2026-04-16 12:08:00,2026-04-16 12:22:00,Berlin,2026-04-19,2026-04-21,1,100,525,,Early check-in,Dinner,,parking,"Wheelchair-accessible elevator, Accessible room, Accessible parking on-site",Private entrance,"Hide liked offers, Hide disliked rooms",61,,Heated pool,,Shuttle service,,1,8,"English-speaking staff, Multilingual staff",manual,
100912,1367,2026-05-02 08:52:00,2026-05-02 08:54:00,Warsaw,2026-05-06,2026-05-08,2,0,203,77470,,,All pets allowed,,,"Wi-fi,Work desk,King/Queen-size 150+cm width",,80,,,,,,5,1,,ai,6067
100913,1363,2026-03-08 01:18:00,2026-03-08 01:19:00,Gdansk,2026-04-04,2026-04-06,4,100,462,81069,,,,,,Beachfront,,34,"Family-friendly,Playground or Playroom",,,,,1,1,,ai,6465
100914,1492,2026-04-04 07:57:00,2026-04-04 07:58:00,Warsaw,2026-04-29,2026-05-06,3,150,947,95737,,,All pets allowed,,,"Wi-fi,Work desk,King/Queen-size 150+cm width",,0,,,,,Coworking lounge,1,5,,ai,8559
100915,1153,2026-02-14 01:26:00,2026-02-14 01:29:00,Wroclaw,2026-03-11,2026-03-17,5,82,150,80586,,,,,Step-free access,Kitchen,,0,Safe balcony,,Spa,,,1,1,,ai,5860
100916,1086,2026-01-15 18:22:00,2026-01-15 18:26:00,Warsaw,2026-02-01,2026-02-08,3,1904,2000,97533,,,,,,,,0,,Any pool,"Gym,Spa",,,5,9,,ai,7277
100917,1313,2026-02-12 21:30:00,2026-02-12 21:32:00,Krakow,2026-02-26,2026-02-27,4,150,661,,Early check-in,Breakfast,,parking,,Soundproof room,,44,,,,,,1,1,,ai,7430
100918,1094,2026-04-22 06:03:00,2026-04-22 06:26:00,Warsaw,2026-05-16,2026-05-22,2,100,303,,,,"Pets allowed in public areas, Allows 3 pets, Pet-welcome bonus",parking,,Luggage storage,Hide liked offers,84,"Kids-friendly bathroom, Playground or Playroom, Safe balcony",Rooftop pool,"Spa, Sauna, Gym",,Coworking lounge,1,6,,manual,
100919,1143,2026-03-29 15:07:00,2026-03-29 15:29:00,Warsaw,2026-04-18,2026-04-22,4,0,271,,,Breakfast,,,"Accessible parking on-site, Spacious room layout, Step-free access",,,26,"TV for kids, Kids-friendly bathroom",Any pool,,Shuttle service,Coworking lounge,1,1,,manual,
100920,1311,2026-01-26 04:07:00,,Krakow,2026-02-06,2026-02-11,3,150,743,,,Breakfast,,parking,,Soundproof room,,0,,,,,,2,7,,ai,8151
100921,1256,2026-01-23 17:59:00,2026-01-23 18:01:00,Warsaw,2026-02-15,2026-02-22,2,1918,2000,77072,,,,,,,,93,,Any pool,"Gym,Spa",,Coworking lounge,5,9,,ai,5221
100922,1084,2026-04-29 08:50:00,,Wroclaw,2026-05-05,2026-05-09,4,100,150,,,,,,Accessible room,Kitchen,,14,,,,,,1,8,,ai,5255
100923,1034,2026-02-09 21:16:00,2026-02-09 21:21:00,Warsaw,2026-02-14,2026-02-18,4,1906,2000,82536,,,,,,,,93,,Any pool,"Gym,Spa",,Coworking lounge,5,9,,ai,8627
100924,1155,2026-01-30 13:32:00,2026-01-30 13:50:00,Warsaw,2026-02-19,2026-02-20,4,100,464,,Free cancellation,Breakfast,20+ kg pet allowed,parking,,,"Hide liked offers, Hide disliked rooms",75,"Kids-friendly bathroom, Entertainment for kids, Playground or Playroom",,"Spa, Gym, Sauna",Shuttle service,Coworking lounge,1,10,"Historical building, Boutique hotel",manual,
100925,1196,2026-04-03 12:43:00,2026-04-03 12:46:00,Gdansk,2026-04-23,2026-04-30,1,150,382,87522,,,,,,Beachfront,,75,"Family-friendly,Playground or Playroom",,,,,1,1,,ai,5267
100926,1400,2026-03-06 21:33:00,,Warsaw,2026-03-25,2026-03-30,4,150,450,,,,All pets allowed,,,"Wi-fi,Work desk,King/Queen-size 150+cm width",,0,,,,,Coworking lounge,1,1,,ai,5145
100927,1415,2026-04-27 13:30:00,2026-04-27 13:48:00,Krakow,2026-05-11,2026-05-18,1,50,637,,,,,parking,,,Hide no reacted offers,80,,"Outdoor pool, Indoor pool",,,Coworking lounge,1,3,"Design hotel, Multilingual staff, Historical building",manual,
100928,1449,2026-03-29 13:11:00,,Gdansk,2026-04-19,2026-04-26,1,50,544,,,,,,,Beachfront,,24,"Family-friendly,Playground or Playroom",,,Shuttle service,,1,1,,ai,7037
100929,1338,2026-02-04 09:20:00,2026-02-04 09:25:00,Warsaw,2026-02-26,2026-03-03,1,150,922,,,,All pets allowed,,,"Wi-fi,Work desk,King/Queen-size 150+cm width",,0,,,,,,3,7,,ai,8692
100930,1450,2026-05-14 22:38:00,2026-05-14 22:46:00,Gdansk,2026-06-10,2026-06-16,1,150,824,,,All meals,"Pets allowed in public areas, No pet vaccination required",,"Accessible room, Spacious room layout, Accessible property",,"Hide disliked rooms, Hide no reacted offers, Hide liked offers",72,"Playground or Playroom, Safe balcony, Babysitting",,,Shuttle service,,5,1,"Multilingual staff, Design hotel",manual,
100931,1000,2026-03-11 14:19:00,,Warsaw,2026-04-03,2026-04-06,2,0,547,,Free cancellation,,All pets allowed,parking,,"Wi-fi,Work desk,King/Queen-size 150+cm width",,0,,Rooftop pool,,,,1,6,,ai,7087
100932,1431,2026-05-06 16:39:00,,Krakow,2026-05-30,2026-06-05,3,150,301,,Free cancellation,Breakfast,,parking,,Soundproof room,,0,,,,,,4,5,,ai,8145
100933,1020,2026-03-16 09:22:00,2026-03-16 09:30:00,Warsaw,2026-03-25,2026-03-29,2,100,765,76682,,,,parking,"Spacious room layout, Accessible property, Accessible parking on-site","Casino, Room service",Hide disliked rooms,71,Kids-friendly bathroom,,"Gym, Spa, Sauna",,,1,4,,manual,
100934,1455,2026-03-30 16:14:00,2026-03-30 16:24:00,Wroclaw,2026-04-12,2026-04-18,4,100,624,97786,"Late check-out, Free cancellation, Early check-in","Dinner, Breakfast, Lunch",In-room pet station,parking,,"Air conditioning, On-site restaurant",,46,TV for kids,,Spa,,Coworking lounge,2,10,,manual,
100935,1070,2026-04-12 01:42:00,2026-04-12 01:54:00,Paris,2026-05-11,2026-05-17,4,100,707,,Early check-in,All meals,,parking,,Connecting rooms,,22,Family-friendly,,"Spa, Gym",Shuttle service,Coworking lounge,4,9,,manual,
100936,1284,2026-03-05 12:04:00,,Warsaw,2026-03-23,2026-03-28,3,1916,2000,,,,,,,,,79,,Any pool,"Gym,Spa",,,5,9,,ai,8607
100937,1307,2026-04-08 02:54:00,,Prague,2026-04-20,2026-04-23,4,50,338,,Late check-out,Breakfast,Pets welcome in the restaurant,,,,Hide disliked rooms,83,"Family-friendly, Safe balcony, Entertainment for kids","Outdoor pool, Any pool","Sauna, Gym, Spa",Shuttle service,Coworking lounge,4,1,,manual,
100938,1335,2026-02-26 18:26:00,,Wroclaw,2026-03-28,2026-04-01,1,150,927,,"Late check-out, Early check-in","All inclusive, Dinner, All meals",Allows 2 pets,,"Accessible room, Accessible property",,,0,"Safe balcony, Entertainment for kids",,Sauna,,Coworking lounge,3,9,"Boutique hotel, Multilingual staff",manual,
100939,1048,2026-04-14 03:04:00,2026-04-14 03:05:00,Krakow,2026-04-20,2026-04-25,3,0,472,,,Breakfast,,parking,,Soundproof room,,16,,,,,Coworking lounge,1,4,,ai,8497
100940,1222,2026-03-25 10:12:00,,Paris,2026-04-06,2026-04-07,3,50,684,,"Free cancellation, Late check-out",,"Pet-welcome bonus, Up to 15kg pet allowed",,"Wheelchair-accessible elevator, Accessible bed height, Hard flooring","24/7 kitchen access, Meeting/Conference facilities","Hide disliked rooms, Hide no reacted offers",23,"Child-friendly menu, Safe balcony",,Sauna,Shuttle service,,1,1,,manual,
100941,1478,2026-05-08 20:16:00,2026-05-08 20:28:00,Berlin,2026-05-10,2026-05-11,4,50,456,,"Free cancellation, Late check-out",,,,"Accessible bathroom, Door width ≥ 80 cm, Accessible public areas",,,79,"Babysitting, TV for kids",,,Shuttle service,,4,6,,manual,
100942,1222,2026-01-09 04:26:00,2026-01-09 04:29:00,Wroclaw,2026-01-26,2026-02-01,4,54,150,89607,,,,,,Kitchen,,0,Safe balcony,,,Shuttle service,,1,1,,ai,7640
100943,1449,2026-04-08 22:42:00,2026-04-08 22:44:00,Warsaw,2026-04-12,2026-04-18,1,50,747,,,,All pets allowed,,,"Wi-fi,Work desk,King/Queen-size 150+cm width",,17,,,,,,2,1,,ai,6266
100944,1444,2026-03-20 07:55:00,2026-03-20 08:06:00,Krakow,2026-03-23,2026-03-29,4,150,649,90814,,,Allows 2 pets,parking,,,Hide liked offers,31,,Indoor pool,"Sauna, Gym, Spa",Shuttle service,Coworking lounge,1,2,,manual,
100945,1050,2026-05-19 13:19:00,2026-05-19 13:22:00,Warsaw,2026-06-11,2026-06-14,2,0,160,76555,,,All pets allowed,,,"Wi-fi,Work desk,King/Queen-size 150+cm width",,54,,,Gym,,,4,1,,ai,8556
100946,1320,2026-05-02 18:52:00,2026-05-02 18:53:00,Wroclaw,2026-05-14,2026-05-16,4,90,150,91757,,,,,,Kitchen,,0,,,,Shuttle service,,2,1,,ai,6632
100947,1394,2026-01-26 07:03:00,2026-01-26 07:08:00,Warsaw,2026-02-15,2026-02-22,3,1917,2000,,,,,,,,,0,Safe balcony,Any pool,"Gym,Spa",,,5,9,,ai,5078
100948,1131,2026-04-05 12:45:00,2026-04-05 12:48:00,Krakow,2026-04-26,2026-05-02,3,150,389,,,Breakfast,,parking,,Soundproof room,,53,,,,,,4,1,,ai,6336
100949,1249,2026-03-15 00:39:00,2026-03-15 01:01:00,Prague,2026-03-26,2026-04-01,2,150,444,,"Free cancellation, Early check-in",,"Allows 2 pets, Pet walking area nearby",parking,"Spacious room layout, Hard flooring, Accessible bed height",,,0,,,"Sauna, Spa",Shuttle service,,1,1,,manual,
100950,1398,2026-03-16 02:02:00,2026-03-16 02:07:00,Gdansk,2026-03-23,2026-03-26,3,100,863,82234,,,,,,Beachfront,,84,"Family-friendly,Playground or Playroom",,,Shuttle service,,2,1,,ai,8933
100951,1092,2026-01-31 18:40:00,2026-01-31 18:48:00,Berlin,2026-02-22,2026-02-27,2,50,793,,,"Breakfast, All inclusive",In-room pet station,parking,,"Beach/pool towels, Golf course (on-site or nearby), Elevator/lift access",,28,"Entertainment for kids, Kids-friendly bathroom, Family-friendly",Any pool,,Shuttle service,,2,7,"Design hotel, Multilingual staff, English-speaking staff",manual,
100952,1110,2026-01-10 19:07:00,2026-01-10 19:12:00,Krakow,2026-02-05,2026-02-06,2,50,446,76498,,Breakfast,,parking,,Soundproof room,,0,,,,,,1,1,,ai,8619
100953,1355,2026-01-06 23:56:00,,Wroclaw,2026-01-31,2026-02-04,4,51,150,,,,,,,Kitchen,,100,,,,,,5,1,,ai,6745
100954,1138,2026-03-10 01:45:00,2026-03-10 02:10:00,Berlin,2026-03-31,2026-04-03,4,50,387,91827,"Early check-in, Late check-out, Free cancellation","All meals, Lunch, Dinner",Additional pet services,,"Accessible room, Accessible property, Accessible parking on-site",,,0,,,Sauna,Shuttle service,Coworking lounge,4,9,,manual,
100955,1067,2026-05-13 20:26:00,2026-05-13 20:48:00,Gdansk,2026-05-16,2026-05-18,3,150,851,89958,,,,,"Door width ≥ 80 cm, Accessible parking on-site, Accessible bed height",,"Hide disliked rooms, Hide liked offers",88,,"Indoor pool, Heated pool, Rooftop pool","Spa, Sauna",,Coworking lounge,1,1,"Boutique hotel, Historical building",manual,
100956,1252,2026-02-26 15:36:00,2026-02-26 15:47:00,Prague,2026-03-04,2026-03-07,2,100,811,94975,Free cancellation,,Pet-welcome bonus,,,Garden,,0,,,"Spa, Gym",Shuttle service,Coworking lounge,1,3,,manual,
100957,1296,2026-02-20 12:54:00,2026-02-20 13:16:00,Berlin,2026-03-08,2026-03-10,4,0,359,,Early check-in,"All meals, All inclusive, Lunch",,parking,"Accessible property, Accessible parking on-site",,,0,Playground or Playroom,Any pool,,Shuttle service,Coworking lounge,2,10,,manual,
100958,1061,2026-05-01 20:58:00,2026-05-01 21:00:00,Warsaw,2026-05-13,2026-05-17,2,1903,2000,92781,,,,,,On-site shops,Hide liked offers,0,Child-friendly menu,Any pool,"Gym,Spa",,,5,9,,ai,6565
100959,1245,2026-01-08 15:55:00,,Krakow,2026-01-28,2026-02-04,2,50,683,,,,,parking,Accessible public areas,Ski access & services,Hide liked offers,0,Entertainment for kids,Any pool,,Shuttle service,,1,2,,manual,
100960,1238,2026-01-24 18:39:00,2026-01-24 18:54:00,Krakow,2026-02-11,2026-02-13,2,0,616,,"Early check-in, Free cancellation, Late check-out","All inclusive, Dinner, Lunch",,parking,Accessible room,Allergy-free rooms,"Hide liked offers, Hide no reacted offers",55,,"Indoor pool, Any pool, Outdoor pool",,Shuttle service,,2,8,,manual,
100961,1413,2026-03-07 05:20:00,2026-03-07 05:25:00,Warsaw,2026-03-23,2026-03-30,1,1949,2000,82496,Late check-out,Dinner,,parking,,,Hide liked offers,88,,Any pool,"Gym,Spa",,,5,9,,ai,7358
100962,1261,2026-03-22 10:38:00,2026-03-22 10:43:00,Warsaw,2026-04-07,2026-04-11,1,150,717,94044,,,All pets allowed,,,"Wi-fi,Work desk,King/Queen-size 150+cm width",,40,,,,,,2,6,,ai,6243
100963,1265,2026-05-09 19:08:00,2026-05-09 19:10:00,Wroclaw,2026-05-29,2026-06-05,4,83,150,79649,,All meals,,,,Kitchen,,62,,,,,,1,6,,ai,8314
100964,1474,2026-05-09 17:17:00,,Gdansk,2026-05-17,2026-05-19,3,50,575,,,,Up to 20kg pet allowed,,,Beachfront,,97,"Family-friendly,Playground or Playroom",,,,,5,1,,ai,6875
100965,1115,2026-01-30 20:08:00,2026-01-30 20:12:00,Warsaw,2026-02-06,2026-02-09,1,1920,2000,75365,,,,,,,,93,,Any pool,"Gym,Spa",,,5,9,,ai,8842
100966,1050,2026-05-07 18:23:00,2026-05-07 18:28:00,Krakow,2026-05-22,2026-05-26,2,150,406,99167,,Breakfast,,parking,,Soundproof room,,74,,,,,,4,1,,ai,6193
100967,1083,2026-01-20 03:50:00,2026-01-20 03:54:00,Gdansk,2026-02-18,2026-02-22,3,0,398,80585,,,,parking,,Beachfront,,35,"Family-friendly,Playground or Playroom",,Spa,,,1,2,Design hotel,ai,5118
100968,1435,2026-04-11 01:03:00,2026-04-11 01:04:00,Wroclaw,2026-04-27,2026-04-28,4,59,150,,,Lunch,,,,Kitchen,,74,,,,Shuttle service,,5,9,,ai,5889
100969,1329,2026-03-22 04:43:00,2026-03-22 04:47:00,Warsaw,2026-04-13,2026-04-20,2,1945,2000,91048,,,,,,Yoga area,,0,,Any pool,"Gym,Spa",,,5,9,,ai,5305
100970,1389,2026-04-15 16:34:00,2026-04-15 16:58:00,Paris,2026-05-11,2026-05-18,4,100,503,75808,Early check-in,,"Towels for pets, Unattended pets allowed",parking,Accessible bed height,Elevator/lift access,"Hide liked offers, Hide no reacted offers, Hide disliked rooms",0,"Entertainment for kids, Playground or Playroom",Heated pool,"Spa, Gym, Sauna",Shuttle service,Coworking lounge,5,1,Design hotel,manual,
100971,1044,2026-01-04 12:14:00,,Warsaw,2026-01-09,2026-01-12,2,150,696,,,,Up to 15kg pet allowed,parking,"Hard flooring, Accessible parking on-site",Water sports facilities,,0,,,"Sauna, Spa, Gym",,Coworking lounge,5,1,,manual,
100972,1144,2026-03-30 04:07:00,2026-03-30 04:09:00,Krakow,2026-04-11,2026-04-12,4,50,324,,,Breakfast,,parking,,Soundproof room,,36,,,,,,5,4,,ai,5859
100973,1293,2026-03-07 03:33:00,2026-03-07 03:47:00,Wroclaw,2026-03-27,2026-04-02,1,50,240,88882,,,"Towels for pets, Pet fee less than €20 per night, Toys for pets",parking,Step-free access,Work desk,,97,,Outdoor pool,,Shuttle service,Coworking lounge,1,1,Boutique hotel,manual,
100974,1396,2026-02-13 20:23:00,2026-02-13 20:26:00,Gdansk,2026-03-03,2026-03-05,4,0,164,,Early check-in,All meals,,,,Beachfront,,22,"Family-friendly,Playground or Playroom",,,,,4,1,,ai,6808
100975,1352,2026-03-19 23:53:00,2026-03-19 23:56:00,Warsaw,2026-03-29,2026-03-30,2,1907,2000,,,,No pet deposit,,,,Hide no reacted offers,86,,Any pool,"Gym,Spa",,,5,9,,ai,8845
100976,1218,2026-02-28 02:16:00,2026-02-28 02:20:00,Warsaw,2026-03-25,2026-03-29,4,1947,2000,79561,,,,,,,,89,,Any pool,"Gym,Spa",,,5,9,,ai,5128
100977,1318,2026-04-28 21:18:00,2026-04-28 21:23:00,Gdansk,2026-05-18,2026-05-21,3,0,580,83024,Early check-in,,Allows 2 pets,parking,"Accessible parking on-site, Accessible room","Golf course (on-site or nearby), Work desk",Hide disliked rooms,49,,Indoor pool,"Spa, Sauna",,,5,1,Design hotel,manual,
100978,1461,2026-03-29 02:16:00,2026-03-29 02:21:00,Warsaw,2026-04-22,2026-04-23,4,50,836,,Late check-out,,All pets allowed,,,"Wi-fi,Work desk,King/Queen-size 150+cm width",,25,,Heated pool,,,,3,8,,ai,8368
100979,1425,2026-01-11 22:02:00,2026-01-11 22:16:00,Prague,2026-01-20,2026-01-22,4,50,412,,"Free cancellation, Early check-in, Late check-out",,,parking,,"Laundry facilities/services, Room size 30m2 +",Hide no reacted offers,17,,Outdoor pool,Sauna,,Coworking lounge,1,9,"Multilingual staff, Dutch-speaking staff",manual,
100980,1430,2026-02-03 18:02:00,2026-02-03 18:06:00,Warsaw,2026-02-14,2026-02-21,3,50,658,,,,All pets allowed,,,"Wi-fi,Work desk,King/Queen-size 150+cm width",Hide no reacted offers,0,,,,,,3,7,,ai,6096
100981,1012,2026-01-06 05:41:00,2026-01-06 06:05:00,Prague,2026-01-11,2026-01-16,1,50,702,98156,,"Lunch, All inclusive",,parking,,"Library, Elevator/lift access","Hide liked offers, Hide no reacted offers",63,Kids-friendly bathroom,"Outdoor pool, Rooftop pool, Indoor pool",Spa,Shuttle service,Coworking lounge,5,8,,manual,
100982,1456,2026-03-18 17:56:00,2026-03-18 18:19:00,Prague,2026-04-06,2026-04-09,1,100,374,,,Dinner,,parking,,"Express check-in/check-out, Game room/arcade, Porter/Bellboy service",Hide liked offers,87,,,,Shuttle service,Coworking lounge,3,1,"Design hotel, Historical building",manual,
100983,1345,2026-04-22 11:27:00,2026-04-22 11:30:00,Gdansk,2026-05-12,2026-05-18,4,0,473,96365,,,Towels for pets,,,Beachfront,,84,"Family-friendly,Playground or Playroom",,,,,1,1,,ai,7164
100984,1430,2026-04-06 19:15:00,2026-04-06 19:16:00,Gdansk,2026-04-28,2026-05-01,2,50,595,93362,,,,,Accessible public areas,Beachfront,,59,"Family-friendly,Playground or Playroom",,,,,2,8,,ai,6156
100985,1309,2026-04-25 17:18:00,2026-04-25 17:22:00,Gdansk,2026-05-24,2026-05-28,1,150,853,81813,,,,,Accessible bed height,Beachfront,,100,"Family-friendly,Playground or Playroom",Any pool,,,,1,6,Multilingual staff,ai,5703
100986,1246,2026-03-17 17:39:00,,Paris,2026-04-13,2026-04-18,1,50,307,,"Free cancellation, Late check-out",,,,"Step-free access, Accessible bathroom, Door width ≥ 80 cm",,,0,,,"Gym, Sauna",Shuttle service,,2,1,Boutique hotel,manual,
100987,1165,2026-02-04 17:43:00,,Berlin,2026-02-07,2026-02-11,2,50,648,,"Early check-in, Late check-out, Free cancellation","All inclusive, All meals, Lunch",Towels for pets,parking,"Accessible parking on-site, Accessible room","Table tennis, Water sports facilities",Hide disliked rooms,82,"Babysitting, Kids-friendly bathroom, Family-friendly","Heated pool, Outdoor pool","Spa, Gym",Shuttle service,Coworking lounge,1,7,"Design hotel, Dutch-speaking staff",manual,
100988,1123,2026-05-17 13:29:00,,Warsaw,2026-05-29,2026-06-02,4,150,661,,,,All pets allowed,,,"Wi-fi,Work desk,King/Queen-size 150+cm width",,47,,,,,,2,6,,ai,5243
100989,1244,2026-04-13 15:52:00,2026-04-13 16:02:00,Warsaw,2026-04-30,2026-05-03,1,50,304,,"Free cancellation, Early check-in","All meals, Lunch, Dinner",,,,Indoor fireplace,,19,,Outdoor pool,Gym,,Coworking lounge,4,3,Design hotel,manual,
100990,1464,2026-03-21 22:13:00,,Gdansk,2026-04-19,2026-04-25,1,100,268,,,,,,,Beachfront,,79,"Family-friendly,Playground or Playroom",,,,,1,1,,ai,7509
100991,1355,2026-03-05 11:51:00,2026-03-05 12:08:00,Paris,2026-03-11,2026-03-13,3,50,464,76780,Early check-in,"All inclusive, Lunch",Up to 10kg pet allowed,,Step-free access,,Hide liked offers,80,Babysitting,,"Sauna, Gym, Spa",,,1,7,"English-speaking staff, Design hotel",manual,
100992,1242,2026-03-29 15:40:00,2026-03-29 15:42:00,Gdansk,2026-04-24,2026-04-26,1,0,761,78607,,Breakfast,,,,Beachfront,,0,"Family-friendly,Playground or Playroom",,,,,1,1,,ai,8034
100993,1446,2026-04-23 10:44:00,2026-04-23 10:45:00,Warsaw,2026-04-25,2026-04-27,4,0,371,79896,,,All pets allowed,,,"Wi-fi,Work desk,King/Queen-size 150+cm width",,76,,,,,,1,1,,ai,7810
100994,1029,2026-04-19 11:33:00,,Wroclaw,2026-05-09,2026-05-16,3,75,150,,,,,,,Kitchen,,0,,,,Shuttle service,,1,1,,ai,8436
100995,1039,2026-03-24 15:49:00,2026-03-24 16:10:00,Gdansk,2026-04-03,2026-04-05,3,50,361,,,"Dinner, All meals","Pet-welcome bonus, Unattended pets allowed, 20+ kg pet allowed",parking,"Door width ≥ 80 cm, Step-free access",Contactless check-in/out,Hide liked offers,67,,Heated pool,"Gym, Sauna",Shuttle service,Coworking lounge,3,10,"Design hotel, Multilingual staff",manual,
100996,1304,2026-02-14 01:11:00,2026-02-14 01:14:00,Warsaw,2026-02-17,2026-02-24,1,0,343,76307,,,All pets allowed,,,"Wi-fi,Work desk,King/Queen-size 150+cm width",,0,,,,,,5,1,,ai,5523
100997,1494,2026-02-23 21:37:00,,Warsaw,2026-02-27,2026-02-28,2,0,495,,Late check-out,,All pets allowed,,,"Wi-fi,Work desk,King/Queen-size 150+cm width",,34,,,,,,4,8,,ai,7673
100998,1163,2026-01-03 07:19:00,,Gdansk,2026-01-19,2026-01-26,1,0,640,,,,,,,Beachfront,,73,"Family-friendly,Playground or Playroom",,,,,1,1,,ai,6667
100999,1350,2026-03-15 18:00:00,,Krakow,2026-03-30,2026-04-05,3,100,268,,,All meals,In-room pet station,parking,"Accessible property, Spacious room layout, Accessible bathroom","Crib/Cot available, 24-hour front desk",,0,,"Any pool, Indoor pool",,,Coworking lounge,1,7,"Boutique hotel, English-speaking staff",manual,
101000,1079,2026-03-20 10:37:00,,Gdansk,2026-04-05,2026-04-07,4,100,430,,,,,,,Beachfront,,69,"Family-friendly,Playground or Playroom",,,,,1,10,,ai,6344
101001,1259,2026-03-24 00:13:00,2026-03-24 00:18:00,Krakow,2026-04-01,2026-04-03,1,150,576,,"Early check-in, Late check-out","All inclusive, All meals, Breakfast",Up to 15kg pet allowed,parking,"Accessible room, Accessible bathroom",Luggage storage,"Hide disliked rooms, Hide liked offers, Hide no reacted offers",0,Safe balcony,"Rooftop pool, Outdoor pool",,,Coworking lounge,4,9,Design hotel,manual,
101002,1165,2026-01-31 12:22:00,,Warsaw,2026-02-09,2026-02-14,2,1931,2000,,,,,,Accessible room,,,13,,Any pool,"Gym,Spa",,,5,9,,ai,8049
101003,1239,2026-05-09 14:50:00,,Berlin,2026-05-23,2026-05-28,1,100,594,,,"Breakfast, Dinner","No pet vaccination required, Up to 20kg pet allowed, Pet-welcome bonus",,,"Contactless check-in/out, Business center","Hide no reacted offers, Hide disliked rooms, Hide liked offers",23,,,"Spa, Gym",,Coworking lounge,1,1,,manual,
101004,1389,2026-03-08 15:01:00,,Paris,2026-03-19,2026-03-23,1,0,440,,Late check-out,,Pets allowed in public areas,parking,"Accessible public areas, Accessible property",,,0,,"Any pool, Heated pool","Sauna, Gym, Spa",Shuttle service,Coworking lounge,1,6,"Dutch-speaking staff, Multilingual staff, Historical building",manual,
101005,1160,2026-05-04 15:42:00,2026-05-04 15:47:00,Wroclaw,2026-05-12,2026-05-15,3,98,150,96246,,,,,,Kitchen,,23,,,,,Coworking lounge,1,1,,ai,6451
101006,1104,2026-02-13 14:53:00,,Warsaw,2026-02-25,2026-03-04,1,1911,2000,,,,,,Hard flooring,,,0,,Any pool,"Gym,Spa",,,5,9,,ai,8996
101007,1227,2026-02-25 23:40:00,2026-02-25 23:53:00,Krakow,2026-03-25,2026-03-27,3,0,371,97760,"Early check-in, Late check-out, Free cancellation","All inclusive, Lunch, Breakfast","Pet walking area nearby, Pet fee less than €20 per night",,,Terrace/Patio,"Hide no reacted offers, Hide disliked rooms",70,"Safe balcony, Child-friendly menu",,,Shuttle service,Coworking lounge,1,9,"Dutch-speaking staff, Multilingual staff",manual,
101008,1178,2026-05-15 01:47:00,2026-05-15 01:54:00,Gdansk,2026-06-06,2026-06-07,4,50,769,,"Early check-in, Free cancellation",,"Up to 10kg pet allowed, Unattended pets allowed, Pet-welcome bonus",,,,,11,,Indoor pool,"Gym, Sauna, Spa",,,2,10,Boutique hotel,manual,
101009,1314,2026-02-26 14:14:00,2026-02-26 14:18:00,Krakow,2026-03-04,2026-03-07,3,100,443,,,Breakfast,Pet walking area nearby,parking,,Soundproof room,,67,,,,Shuttle service,,2,1,,ai,7995
101010,1063,2026-01-03 22:26:00,2026-01-03 22:27:00,Gdansk,2026-01-09,2026-01-13,2,150,765,,,,,,,Beachfront,,35,"Family-friendly,Playground or Playroom",,,,,1,7,Boutique hotel,ai,8294
101011,1173,2026-01-15 04:57:00,,Wroclaw,2026-02-14,2026-02-19,4,95,150,,,,,,Accessible room,Kitchen,,71,,Outdoor pool,,,Coworking lounge,5,3,,ai,7701
101012,1125,2026-02-08 22:23:00,2026-02-08 22:26:00,Gdansk,2026-03-10,2026-03-13,2,0,345,86616,,,,,,Beachfront,,64,"Family-friendly,Playground or Playroom",Indoor pool,,Shuttle service,,2,1,,ai,7677
101013,1103,2026-01-12 11:07:00,,Warsaw,2026-02-02,2026-02-06,4,100,632,,Free cancellation,,"Toys for pets, Cats allowed",,"Spacious room layout, Accessible public areas","King/Queen-size 150+cm width, EV charging, Connecting rooms",,45,Babysitting,"Rooftop pool, Heated pool, Any pool","Spa, Sauna",,,4,9,"English-speaking staff, Dutch-speaking staff",manual,
101014,1200,2026-03-28 08:57:00,2026-03-28 09:00:00,Krakow,2026-04-10,2026-04-15,4,0,210,,Late check-out,Breakfast,Pets welcome in the restaurant,parking,,Soundproof room,,0,,,Spa,,Coworking lounge,1,1,,ai,5139
101015,1225,2026-01-24 00:22:00,,Warsaw,2026-02-16,2026-02-19,2,1910,2000,,,,,,,,,0,,Any pool,"Gym,Spa",,,5,9,,ai,5352
101016,1171,2026-01-11 13:24:00,2026-01-11 13:25:00,Warsaw,2026-01-24,2026-01-27,1,1916,2000,99680,,,,parking,,,,0,,Any pool,"Gym,Spa",,Coworking lounge,5,9,,ai,7357
101017,1207,2026-01-03 05:14:00,2026-01-03 05:15:00,Warsaw,2026-01-20,2026-01-26,1,0,675,,,,All pets allowed,,,"Wi-fi,Work desk,King/Queen-size 150+cm width",,76,,Heated pool,,,Coworking lounge,1,3,,ai,6995
101018,1063,2026-04-13 19:38:00,,Gdansk,2026-05-07,2026-05-11,3,0,289,,Early check-in,,,,,Beachfront,,79,"Family-friendly,Playground or Playroom",,,,Coworking lounge,2,4,,ai,5411
101019,1077,2026-03-24 12:24:00,2026-03-24 12:27:00,Warsaw,2026-03-29,2026-04-05,4,1936,2000,,,,,,,,,21,Entertainment for kids,Any pool,"Gym,Spa",,,5,9,,ai,8416
101020,1313,2026-04-14 02:15:00,,Warsaw,2026-05-08,2026-05-11,2,1941,2000,,,,Pet walking area nearby,,,Porter/Bellboy service,,0,,Any pool,"Gym,Spa",,,5,9,Design hotel,ai,5692
101021,1333,2026-01-29 10:04:00,,Warsaw,2026-02-17,2026-02-22,2,100,898,,,,All pets allowed,,,"Wi-fi,Work desk,King/Queen-size 150+cm width",,0,,,,Shuttle service,,2,4,,ai,5356
101022,1391,2026-04-27 16:18:00,2026-04-27 16:19:00,Krakow,2026-05-17,2026-05-21,3,150,458,91613,,Breakfast,,parking,,Soundproof room,,95,,,,Shuttle service,,5,10,,ai,5872
101023,1001,2026-05-01 16:29:00,2026-05-01 16:30:00,Gdansk,2026-05-19,2026-05-21,3,0,751,,,,,,Accessible bed height,Beachfront,,29,"Family-friendly,Playground or Playroom",,,,,4,1,,ai,7132
101024,1191,2026-01-15 23:55:00,,Warsaw,2026-02-04,2026-02-07,3,100,497,,,,All pets allowed,,,"Wi-fi,Work desk,King/Queen-size 150+cm width",,0,Safe balcony,,,Shuttle service,,3,10,,ai,6573
101025,1407,2026-02-17 22:50:00,,Warsaw,2026-03-06,2026-03-12,3,1949,2000,,,,,,,,,30,,Any pool,"Gym,Spa",,,5,9,,ai,6165
101026,1097,2026-03-24 05:28:00,2026-03-24 05:31:00,Gdansk,2026-04-10,2026-04-15,4,0,589,84537,,,,,,Beachfront,,89,"Family-friendly,Playground or Playroom",,,,,1,2,,ai,8587
101027,1173,2026-01-06 22:54:00,2026-01-06 22:58:00,Krakow,2026-02-04,2026-02-09,4,0,437,84398,,Breakfast,,parking,,Soundproof room,,0,,,,,,1,1,,ai,7691
101028,1480,2026-04-07 00:25:00,2026-04-07 00:34:00,Berlin,2026-04-17,2026-04-24,3,100,835,81688,"Free cancellation, Late check-out",,All pets allowed,,,"EV charging, Bathroom with rain shower, Contactless check-in/out",Hide liked offers,48,"Playground or Playroom, Child-friendly menu, Kids-friendly bathroom","Rooftop pool, Outdoor pool, Any pool",Sauna,Shuttle service,,3,8,"English-speaking staff, Boutique hotel",manual,
101029,1096,2026-03-26 10:38:00,2026-03-26 10:50:00,Krakow,2026-04-21,2026-04-22,2,100,639,98042,"Late check-out, Early check-in, Free cancellation","Breakfast, Dinner, Lunch",Allows 3 pets,,"Step-free access, Accessible bed height","Beauty salon/services, On-site restaurant","Hide disliked rooms, Hide liked offers, Hide no reacted offers",0,,,,Shuttle service,,2,1,Historical building,manual,
101030,1015,2026-05-18 12:07:00,2026-05-18 12:25:00,Berlin,2026-06-12,2026-06-14,4,0,464,,"Early check-in, Late check-out",,"Dogs allowed, No pet deposit",,,Water sports facilities,"Hide liked offers, Hide no reacted offers",45,,,"Spa, Sauna, Gym",,Coworking lounge,5,9,Boutique hotel,manual,
101031,1027,2026-02-15 15:31:00,2026-02-15 15:36:00,Warsaw,2026-03-02,2026-03-06,1,50,618,87981,,,All pets allowed,,,"Wi-fi,Work desk,King/Queen-size 150+cm width",,79,Family-friendly,,,,,2,6,,ai,8140
101032,1382,2026-02-24 11:24:00,2026-02-24 11:27:00,Wroclaw,2026-03-21,2026-03-28,4,60,150,,,,Up to 15kg pet allowed,,,Kitchen,,0,,,,,Coworking lounge,3,4,,ai,6236
101033,1278,2026-02-02 08:41:00,2026-02-02 08:43:00,Krakow,2026-02-28,2026-03-03,3,150,638,86544,,Breakfast,,parking,,Soundproof room,,91,,Any pool,,,,5,7,,ai,7961
101034,1472,2026-02-07 00:40:00,,Krakow,2026-02-23,2026-02-27,4,0,210,,,Breakfast,,parking,Hard flooring,Soundproof room,,92,,,,,,1,6,,ai,6816
101035,1332,2026-01-02 19:27:00,2026-01-02 19:30:00,Gdansk,2026-01-14,2026-01-20,2,0,249,,,,Unattended pets allowed,parking,,Beachfront,,0,"Family-friendly,Playground or Playroom",,,,Coworking lounge,2,3,,ai,7761
101036,1023,2026-03-30 13:43:00,2026-03-30 13:44:00,Warsaw,2026-04-29,2026-05-05,3,1928,2000,96654,,,,,,,,82,,Any pool,"Gym,Spa",,,5,9,,ai,6160
101037,1402,2026-02-03 16:21:00,,Gdansk,2026-02-18,2026-02-20,3,50,315,,,,Muzzle not required,parking,,Beachfront,,24,"Family-friendly,Playground or Playroom",,,,,1,3,,ai,6300
101038,1375,2026-02-09 17:46:00,,Berlin,2026-03-04,2026-03-11,4,0,250,,"Early check-in, Late check-out, Free cancellation",,"Muzzle not required, Allows 3 pets",,Accessible public areas,"Library, Air conditioning, Business center","Hide disliked rooms, Hide no reacted offers, Hide liked offers",48,"Playground or Playroom, Kids-friendly bathroom",Any pool,,,Coworking lounge,5,9,"Design hotel, Multilingual staff",manual,
101039,1171,2026-01-04 14:13:00,2026-01-04 14:14:00,Warsaw,2026-01-14,2026-01-19,3,50,275,98653,,,All pets allowed,,,"Wi-fi,Work desk,King/Queen-size 150+cm width",,55,Safe balcony,,,,,1,1,,ai,8886
101040,1195,2026-04-08 07:02:00,,Paris,2026-04-27,2026-04-30,2,100,899,,,"Lunch, All inclusive",,parking,"Accessible public areas, Accessible property",Elevator/lift access,,31,"Safe balcony, Entertainment for kids","Rooftop pool, Heated pool, Any pool","Gym, Spa, Sauna",Shuttle service,Coworking lounge,3,7,"Multilingual staff, Historical building",manual,
101041,1217,2026-03-17 23:12:00,2026-03-17 23:16:00,Warsaw,2026-04-14,2026-04-15,3,1900,2000,,,,,,,,Hide liked offers,50,Playground or Playroom,Any pool,"Gym,Spa",,,5,9,,ai,5986
101042,1416,2026-03-25 22:46:00,2026-03-25 22:51:00,Gdansk,2026-04-20,2026-04-22,2,150,512,84543,,,,,,Beachfront,,28,"Family-friendly,Playground or Playroom",,,,,3,7,,ai,5760
101043,1221,2026-03-13 22:58:00,2026-03-13 23:03:00,Gdansk,2026-03-18,2026-03-21,4,150,713,,,,,,,Beachfront,,63,"Family-friendly,Playground or Playroom",,,,,1,2,,ai,5334
101044,1163,2026-02-08 18:00:00,2026-02-08 18:05:00,Warsaw,2026-02-15,2026-02-17,4,150,341,88032,,,All pets allowed,,,"Wi-fi,Work desk,King/Queen-size 150+cm width",,41,,,,,,1,3,,ai,6792
101045,1401,2026-01-06 09:47:00,2026-01-06 10:04:00,Berlin,2026-01-12,2026-01-18,2,100,698,,,,"Allows 3+ pets, Unattended pets allowed",parking,"Step-free access, Accessible parking on-site, Spacious room layout",Currency exchange,"Hide no reacted offers, Hide disliked rooms",42,"Family-friendly, Safe balcony, Kids-friendly bathroom","Any pool, Rooftop pool",,Shuttle service,,4,1,"Boutique hotel, Multilingual staff, Historical building",manual,
101046,1279,2026-01-15 11:29:00,,Warsaw,2026-01-30,2026-02-01,3,50,817,,,All meals,Allows 3 pets,parking,"Accessible property, Accessible parking on-site",Casino,,0,,"Indoor pool, Outdoor pool",,,,1,1,,manual,
101047,1423,2026-04-28 08:21:00,2026-04-28 08:22:00,Warsaw,2026-05-27,2026-05-30,4,150,482,99813,Free cancellation,,All pets allowed,,,"Wi-fi,Work desk,King/Queen-size 150+cm width",,18,Playground or Playroom,,,Shuttle service,,1,2,,ai,7647
101048,1474,2026-04-15 04:01:00,2026-04-15 04:06:00,Krakow,2026-05-03,2026-05-04,2,100,342,98923,,Breakfast,,parking,Hard flooring,Soundproof room,,91,,,,,,3,1,,ai,6791
101049,1013,2026-01-23 15:52:00,2026-01-23 15:59:00,Paris,2026-02-04,2026-02-05,2,0,208,,"Late check-out, Free cancellation, Early check-in",Breakfast,"All pets allowed, No pet vaccination required, Muzzle not required",parking,,In-room safe,"Hide no reacted offers, Hide liked offers",19,"Family-friendly, TV for kids, Playground or Playroom","Indoor pool, Any pool, Heated pool","Gym, Sauna, Spa",Shuttle service,,1,4,,manual,
